Title,star-sum,product-price__regular,product sell price,Description,image,Category
"ThinkPad P17 Gen1 20SN000XGE - 17,3"" UHD IPS, Intel Core i9-10885H, 32 GB RAM, 1 TB SSD, RTX 5000, Windows 10 Pro",0,"5,503.74 €",,"43,9 cm (17,3"") 3840 x 2160 Pixel (Ultra HD) IPS
 Intel® Core™ i9 (10. Generation) 10885H CPU
 NVIDIA Quadro RTX 5000 16384 MB Grafik
 32 GB RAM | 1000 GB SSD
 Windows 10 Pro 64 Bit | Schwarz | 3.5 kg",https://media.nbb-cdn.de/images/products/700000/701310/P1712.jpg?size=2800,Notebook
,,,,,,Notebook
"ThinkPad T15g 20UR001KGE - 15,6"" UHD IPS, Intel Core i9-10885H, 32 GB RAM, 1 TB SSD, RTX 2080 SUPER Max-Q, Windows 10 Pro",0,"4.023,68 €",,"39,6 cm (15,6"") 3840 x 2160 Pixel (Ultra HD)
 Intel® Core™ i9 (10. Generation) 10885H CPU
 NVIDIA GeForce RTX 2080 Super 8192 MB Grafik
 32 GB RAM | 1000 GB SSD
 Windows 10 Pro 64 Bit | Schwarz | 2.74 kg",https://media.nbb-cdn.de/images/products/700000/701331/lenovo-laptop-thinkpad-t15g-gallery-2_(1).jpg?size=2800,Notebook
,,,,,,Notebook
"ThinkPad T15g 20UR001GGE - 15,6"" FHD IPS, Intel Core i9-10885H, 32 GB RAM, 1 TB SSD, RTX 2070 SUPER Max-Q, Windows 10 Pro",0,"3.614,96 €",,"39,6 cm (15,6"") 1920 x 1080 Pixel (Full HD)
 Intel® Core™ i9 (10. Generation) 10885H CPU
 NVIDIA GeForce RTX 2070 Super 8192 MB Grafik
 32 GB RAM | 1000 GB SSD
 Windows 10 Pro 64 Bit | Schwarz | 2.74 kg",https://media.nbb-cdn.de/images/products/700000/701333/lenovo-laptop-thinkpad-t15g-gallery-2_(1).jpg?size=2800,Notebook
,,,,,,Notebook
"Apple MacBook Pro 16"" - Silber 2019 MVVM2D/A i9 2,3GHz, 16GB RAM, 1TB SSD, AMD Radeon Pro 5500M, macOS - Touch Bar",-7,"2.679,00 €",,"40 cm (16"") 3072 x 1920 Pixel IPS glänzendes Display
 Intel® Core™ i9 (9. Generation) CPU
 AMD Radeon Pro 5500M Grafik
 16 GB RAM | 1000 GB SSD
 macOS | Silber | 2 kg",https://media.nbb-cdn.de/images/products/630000/639700/MacBook_Pro16_2.jpg?size=2800,Notebook
,,,,,,Notebook
"Apple MacBook Pro 16"" - Space Grau 2019 MVVK2D/A i9 2,3GHz, 16GB RAM, 1TB SSD, AMD Radeon Pro 5500M, macOS - Touch Bar",-7,"2.699,00 €","3.199,00","40 cm (16"") 3072 x 1920 Pixel IPS glänzendes Display
 Intel® Core™ i9 (9. Generation) CPU
 AMD Radeon Pro 5500M Grafik
 16 GB RAM | 1000 GB SSD
 macOS | Grau | 2 kg",https://media.nbb-cdn.de/images/products/630000/639699/MacBook_Pro16.jpg?size=2800,Notebook
,,,,,,Notebook
"Apple MacBook Pro 16"" - Space Grau 2019 CZ0Y0-01010 i9 2,3GHz, 32GB RAM, 1TB SSD, Radeon Pro 5500M (8GB), macOS - Touch Bar",-7,"3.349,00 €",,"40 cm (16"") 3072 x 1920 Pixel IPS glänzendes Display
 Intel® Core™ i9 (9. Generation) CPU
 AMD Radeon Pro 5500M 8192 MB Grafik
 32 GB RAM | 1000 GB SSD
 macOS | Grau | 2 kg",https://media.nbb-cdn.de/images/products/640000/640465/Pro_16_Space_grau_5.png?size=2800,Notebook
,,,,,,Notebook
"MSI WS75 10TM-498 - 17,3"" 4K-UHD, Intel i9-10980HK, 64GB RAM, 2TB SSD, Quadro RTX5000, Windows 10 Pro",0,"5.277,21 €",,"43,9 cm (17,3"") 3840 x 2160 Pixel (Ultra HD) entspiegeltes Display
 Intel® Core™ i9 (10. Generation) 10980HK CPU
 NVIDIA Quadro RTX5000 16384 MB Grafik
 64 GB RAM | 2000 GB SSD
 Windows 10 Pro 64 Bit | Grau | 2.5 kg",https://media.nbb-cdn.de/images/products/670000/678181/MSI_WS75_Space-Grey_Hero.jpg?size=2800,Notebook
,,,,,,Notebook
"Apple MacBook Pro 16"" - Space Grau 2019 CZ0Y0-01000 i9 2,3GHz, 32GB RAM, 1TB SSD, Radeon Pro 5500M, macOS - Touch Bar",-7,"3.399,00 €",,"40 cm (16"") 3072 x 1920 Pixel IPS glänzendes Display
 Intel® Core™ i9 (9. Generation) CPU
 AMD Radeon Pro 5500M 4096 MB Grafik
 32 GB RAM | 1000 GB SSD
 macOS | Grau | 2 kg",https://media.nbb-cdn.de/images/products/640000/640423/MacBook_Pro16.jpg?size=2800,Notebook
,,,,,,Notebook
"Apple MacBook Pro 16"" - Space Grau 2019 CZ0XZ-11120 i9 2,4GHz, 32GB RAM, 1TB SSD, Radeon Pro 5500M (8GB), macOS - Touch Bar",-7,"3.599,00 €",,"40 cm (16"") 3072 x 1920 Pixel IPS glänzendes Display
 Intel® Core™ i9 (9. Generation) CPU
 AMD Radeon Pro 5500M 8192 MB Grafik
 32 GB RAM | 1000 GB SSD
 macOS | Grau | 2 kg",https://media.nbb-cdn.de/images/products/640000/640375/MacBook_Pro16.jpg?size=2800,Notebook
,,,,,,Notebook
"Apple MacBook Pro 16"" - Silber 2019 CZ0Y3-01010 i9 2,3GHz, 32GB RAM, 1TB SSD, Radeon Pro 5500M (8GB), macOS - Touch Bar",-7,"3.399,00 €",,"40 cm (16"") 3072 x 1920 Pixel IPS glänzendes Display
 Intel® Core™ i9 (9. Generation) CPU
 AMD Radeon Pro 5500M 8192 MB Grafik
 32 GB RAM | 1000 GB SSD
 macOS | Silber | 2 kg",https://media.nbb-cdn.de/images/products/640000/641761/MacBook_Pro16_1.jpg?size=2800,Notebook
,,,,,,Notebook
"HP ZBook Studio G7 1J3S8EA 15,6"" UHD DreamColor, Intel i9-10885H, 32GB RAM, 1TB SSD, NVIDIA Quadro RTX3000, Windows 10 Pro",0,"3.549,00 €",,"39 cm (15,6"") 3840 x 2160 Pixel (Ultra HD) entspiegeltes Display
 Intel® Core™ i9 (10. Generation) 10885H CPU
 NVIDIA Quadro RTX3000 6144 MB Grafik
 32 GB RAM | 1000 GB SSD
 Windows 10 Pro 64 Bit | Grau | 1.79 kg",https://media.nbb-cdn.de/images/products/680000/682293/Mulberry_TurboSilver_01.png?size=2800,Notebook
,,,,,,Notebook
"Apple MacBook Pro 16"" - Space Grau 2019 CZ0XZ-11010 i9 2,4GHz, 32GB RAM, 512GB SSD, Radeon Pro 5500M, macOS - Touch Bar",-7,"2.999,00 €",,"40 cm (16"") 3072 x 1920 Pixel IPS glänzendes Display
 Intel® Core™ i9 (9. Generation) CPU
 AMD Radeon Pro 5500M 4096 MB Grafik
 32 GB RAM | 512 GB SSD
 macOS | Grau | 2 kg",https://media.nbb-cdn.de/images/products/640000/640364/MacBook_Pro16.jpg?size=2800,Notebook
,,,,,,Notebook
"Apple MacBook Pro 16"" - Space Grau 2019 CZ0Y0-02010 i9 2,3GHz, 64GB RAM, 1TB SSD, Radeon Pro 5500M (8GB), macOS - Touch Bar",-7,"3.849,00 €",,"40 cm (16"") 3072 x 1920 Pixel IPS glänzendes Display
 Intel® Core™ i9 (9. Generation) CPU
 AMD Radeon Pro 5500M 8192 MB Grafik
 64 GB RAM | 1000 GB SSD
 macOS | Grau | 2 kg",https://media.nbb-cdn.de/images/products/640000/641649/MacBook_Pro16.jpg?size=2800,Notebook
,,,,,,Notebook
"Lenovo ThinkPad X1 Extreme G3 20TK000NGE - 15,6"" UHD OLED Touch, Intel i9-10885H, 32GB RAM, 2TB SSD, NVIDIA GeForce GTX 1650Ti, LTE, Windows 10 Pro",0,"4.064,00 €",,"39,6 cm (15,6"") 3840 x 2160 Pixel (Ultra HD) IPS entspiegeltes Display
 Intel® Core™ i7 (10. Generation) 10750H CPU
 NVIDIA GeForce GTX 1650 Ti 4096 MB Grafik
 16 GB RAM | 512 GB SSD
 Windows 10 Pro 64 Bit | Schwarz | 1.7 kg",https://media.nbb-cdn.de/images/products/680000/681155/Lenovo_ThinkPad-X1-Extreme-G3_05.jpg?size=2800,Notebook
,,,,,,Notebook
"Apple MacBook Pro 16"" - Silber 2019 CZ0Y1-12200 i9 2,4GHz, 64GB RAM, 2TB SSD, Radeon Pro 5300M, macOS - Touch Bar",-7,"4.569,99 €",,"40 cm (16"") 3072 x 1920 Pixel IPS glänzendes Display
 Intel® Core™ i9 (9. Generation) CPU
 AMD Radeon Pro 5300M 4096 MB Grafik
 64 GB RAM | 2000 GB SSD
 macOS | Silber | 2 kg",https://media.nbb-cdn.de/images/products/640000/641232/MacBook_Pro16_2.jpg?size=2800,Notebook
,,,,,,Notebook
"Apple MacBook Pro 16"" - Silber 2019 CZ0Y3-00200 i9 2,3GHz, 16GB RAM, 4TB SSD, Radeon Pro 5500M, macOS - Touch Bar",-7,"4.209,99 €",,"40 cm (16"") 3072 x 1920 Pixel IPS glänzendes Display
 Intel® Core™ i9 (9. Generation) CPU
 AMD Radeon Pro 5500M 4096 MB Grafik
 16 GB RAM | 4000 GB SSD
 macOS | Silber | 2 kg",https://media.nbb-cdn.de/images/products/640000/641532/MacBook_Pro16_2.jpg?size=2800,Notebook
,,,,,,Notebook
"Apple MacBook Pro 16"" - Silber 2019 CZ0Y1-12430 i9 2,4GHz, 64GB RAM, 8TB SSD, Radeon Pro 5600M, macOS - Touch Bar",-7,"7.779,99 €",,,https://media.nbb-cdn.de/images/products/660000/669435/MacBook_Pro16_2.jpg?size=2800,Notebook
,,,,,,Notebook
"Apple MacBook Pro 16"" - Space Grau 2019 CZ0XZ-11220 i9 2,4GHz, 32GB RAM, 2TB SSD, Radeon Pro 5500M (8GB), macOS - Touch Bar",-7,"3.999,00 €",,"40 cm (16"") 3072 x 1920 Pixel IPS glänzendes Display
 Intel® Core™ i9 (9. Generation) CPU
 AMD Radeon Pro 5500M 8192 MB Grafik
 32 GB RAM | 2000 GB SSD
 macOS | Grau | 2 kg",https://media.nbb-cdn.de/images/products/640000/641604/MacBook_Pro16.jpg?size=2800,Notebook
,,,,,,Notebook
"Lenovo ThinkPad P53 20QN004Q i9, 16 GB, 512 GB, 15,6"" Ultra HD, Quadro RTX4000, Win 10 Pro",0,"2.714,99 €",,"39 cm (15,6"") 3840 x 2160 Pixel (Ultra HD) mattes Display
 Intel® Core™ i9 (9. Generation) 9880H CPU
 NVIDIA UHD Graphics 630 8192 MB Grafik
 16 GB RAM | 512 GB SSD
 Windows 10 Pro 64 Bit | Nicht spezifiziert",https://media.nbb-cdn.de/images/products/650000/654585/20QN004QDEMO_1.jpg?size=2800,Notebook
,,,,,,Notebook
"Apple MacBook Pro 16"" - Silber 2019 CZ0Y1-10000 i9 2,4GHz, 16GB RAM, 512GB SSD, Radeon Pro 5300M, macOS - Touch Bar",-7,"2.919,99 €",,"40 cm (16"") 3072 x 1920 Pixel IPS glänzendes Display
 Intel® Core™ i9 (9. Generation) CPU
 AMD Radeon Pro 5300M 4096 MB Grafik
 16 GB RAM | 512 GB SSD
 macOS | Silber | 2 kg",https://media.nbb-cdn.de/images/products/640000/641172/MacBook_Pro16_2.jpg?size=2800,Notebook
,,,,,,Notebook
"Apple MacBook Pro 16"" - Silber 2019 CZ0Y1-10100 i9 2,4GHz, 16GB RAM, 1TB SSD, Radeon Pro 5300M, macOS - Touch Bar",-7,"3.149,99 €",,"40 cm (16"") 3072 x 1920 Pixel IPS glänzendes Display
 Intel® Core™ i9 (9. Generation) CPU
 AMD Radeon Pro 5300M 4096 MB Grafik
 16 GB RAM | 1000 GB SSD
 macOS | Silber | 2 kg",https://media.nbb-cdn.de/images/products/640000/641187/MacBook_Pro16_2.jpg?size=2800,Notebook
,,,,,,Notebook
"Apple MacBook Pro 16"" - Silber 2019 CZ0Y1-10200 i9 2,4GHz, 16GB RAM, 2TB SSD, Radeon Pro 5300M, macOS - Touch Bar",-7,"3.629,99 €",,"40 cm (16"") 3072 x 1920 Pixel IPS glänzendes Display
 Intel® Core™ i9 (9. Generation) CPU
 AMD Radeon Pro 5300M 4096 MB Grafik
 16 GB RAM | 2000 GB SSD
 macOS | Silber | 2 kg",https://media.nbb-cdn.de/images/products/640000/641190/MacBook_Pro16_2.jpg?size=2800,Notebook
,,,,,,Notebook
"Apple MacBook Pro 16"" - Silber 2019 CZ0Y1-10300 i9 2,4GHz, 16GB RAM, 4TB SSD, Radeon Pro 5300M, macOS - Touch Bar",-7,"4.309,99 €",,"40 cm (16"") 3072 x 1920 Pixel IPS glänzendes Display
 Intel® Core™ i9 (9. Generation) CPU
 AMD Radeon Pro 5300M 4096 MB Grafik
 16 GB RAM | 4000 GB SSD
 macOS | Silber | 2 kg",https://media.nbb-cdn.de/images/products/640000/641204/MacBook_Pro16_2.jpg?size=2800,Notebook
,,,,,,Notebook
"Apple MacBook Pro 16"" - Silber 2019 CZ0Y1-10400 i9 2,4GHz, 16GB RAM, 8TB SSD, Radeon Pro 5300M, macOS - Touch Bar",-7,"5.759,99 €",,"40 cm (16"") 3072 x 1920 Pixel IPS glänzendes Display
 Intel® Core™ i9 (9. Generation) CPU
 AMD Radeon Pro 5300M 4096 MB Grafik
 16 GB RAM | 8000 GB SSD
 macOS | Silber | 2 kg",https://media.nbb-cdn.de/images/products/640000/641206/MacBook_Pro16_2.jpg?size=2800,Notebook
,,,,,,Notebook
"Apple MacBook Pro 16"" - Silber 2019 CZ0Y1-11000 i9 2,4GHz, 32GB RAM, 512GB SSD, Radeon Pro 5300M, macOS - Touch Bar",-7,"3.369,99 €",,"40 cm (16"") 3072 x 1920 Pixel IPS glänzendes Display
 Intel® Core™ i9 (9. Generation) CPU
 AMD Radeon Pro 5300M 4096 MB Grafik
 32 GB RAM | 512 GB SSD
 macOS | Silber | 2 kg",https://media.nbb-cdn.de/images/products/640000/641208/MacBook_Pro16_2.jpg?size=2800,Notebook
,,,,,,Notebook
"Apple MacBook Pro 16"" - Silber 2019 CZ0Y1-11100 i9 2,4GHz, 32GB RAM, 1TB SSD, Radeon Pro 5300M, macOS - Touch Bar",-7,"3.629,99 €",,"40 cm (16"") 3072 x 1920 Pixel IPS glänzendes Display
 Intel® Core™ i9 (9. Generation) CPU
 AMD Radeon Pro 5300M 4096 MB Grafik
 32 GB RAM | 1000 GB SSD
 macOS | Silber | 2 kg",https://media.nbb-cdn.de/images/products/640000/641211/MacBook_Pro16_2.jpg?size=2800,Notebook
,,,,,,Notebook
"Apple MacBook Pro 16"" - Silber 2019 CZ0Y1-11200 i9 2,4GHz, 32GB RAM, 2TB SSD, Radeon Pro 5300M, macOS - Touch Bar",-7,"4.089,99 €",,"40 cm (16"") 3072 x 1920 Pixel IPS glänzendes Display
 Intel® Core™ i9 (9. Generation) CPU
 AMD Radeon Pro 5300M 4096 MB Grafik
 32 GB RAM | 2000 GB SSD
 macOS | Silber | 2 kg",https://media.nbb-cdn.de/images/products/640000/641214/MacBook_Pro16_2.jpg?size=2800,Notebook
,,,,,,Notebook
"Apple MacBook Pro 16"" - Silber 2019 CZ0Y1-11300 i9 2,4GHz, 32GB RAM, 4TB SSD, Radeon Pro 5300M, macOS - Touch Bar",-7,"4.779,99 €",,"40 cm (16"") 3072 x 1920 Pixel IPS glänzendes Display
 Intel® Core™ i9 (9. Generation) CPU
 AMD Radeon Pro 5300M 4096 MB Grafik
 32 GB RAM | 4000 GB SSD
 macOS | Silber | 2 kg",https://media.nbb-cdn.de/images/products/640000/641216/MacBook_Pro16_2.jpg?size=2800,Notebook
,,,,,,Notebook
"Apple MacBook Pro 16"" - Silber 2019 CZ0Y1-11400 i9 2,4GHz, 32GB RAM, 8TB SSD, Radeon Pro 5300M, macOS - Touch Bar",-7,"6.229,99 €",,"40 cm (16"") 3072 x 1920 Pixel IPS glänzendes Display
 Intel® Core™ i9 (9. Generation) CPU
 AMD Radeon Pro 5300M 4096 MB Grafik
 32 GB RAM | 8000 GB SSD
 macOS | Silber | 2 kg",https://media.nbb-cdn.de/images/products/640000/641218/MacBook_Pro16_2.jpg?size=2800,Notebook
,,,,,,Notebook
"Apple MacBook Pro 16"" - Silber 2019 CZ0Y1-12000 i9 2,4GHz, 64GB RAM, 512GB SSD, Radeon Pro 5300M, macOS - Touch Bar",-7,"3.839,99 €",,"40 cm (16"") 3072 x 1920 Pixel IPS glänzendes Display
 Intel® Core™ i9 (9. Generation) CPU
 AMD Radeon Pro 5300M 4096 MB Grafik
 64 GB RAM | 512 GB SSD
 macOS | Silber | 2 kg",https://media.nbb-cdn.de/images/products/640000/641223/MacBook_Pro16_2.jpg?size=2800,Notebook
,,,,,,Notebook
"Apple MacBook Pro 16"" - Silber 2019 CZ0Y1-12100 i9 2,4GHz, 64GB RAM, 1TB SSD, Radeon Pro 5300M, macOS - Touch Bar",-7,"4.099,99 €",,"40 cm (16"") 3072 x 1920 Pixel IPS glänzendes Display
 Intel® Core™ i9 (9. Generation) CPU
 AMD Radeon Pro 5300M 4096 MB Grafik
 64 GB RAM | 1000 GB SSD
 macOS | Silber | 2 kg",https://media.nbb-cdn.de/images/products/640000/641228/MacBook_Pro16_2.jpg?size=2800,Notebook
,,,,,,Notebook
"Apple MacBook Pro 16"" - Silber 2019 CZ0Y1-12300 i9 2,4GHz, 64GB RAM, 4TB SSD, Radeon Pro 5300M, macOS - Touch Bar",-7,"5.289,99 €",,"40 cm (16"") 3072 x 1920 Pixel IPS glänzendes Display
 Intel® Core™ i9 (9. Generation) CPU
 AMD Radeon Pro 5300M 4096 MB Grafik
 64 GB RAM | 4000 GB SSD
 macOS | Silber | 2 kg",https://media.nbb-cdn.de/images/products/640000/641234/MacBook_Pro16_2.jpg?size=2800,Notebook
,,,,,,Notebook
"Apple MacBook Pro 16"" - Silber 2019 CZ0Y1-12400 i9 2,4GHz, 64GB RAM, 8TB SSD, Radeon Pro 5300M, macOS - Touch Bar",-7,"6.669,99 €",,"40 cm (16"") 3072 x 1920 Pixel IPS glänzendes Display
 Intel® Core™ i9 (9. Generation) CPU
 AMD Radeon Pro 5300M 4096 MB Grafik
 64 GB RAM | 8000 GB SSD
 macOS | Silber | 2 kg",https://media.nbb-cdn.de/images/products/640000/641236/MacBook_Pro16_2.jpg?size=2800,Notebook
,,,,,,Notebook
"Apple MacBook Pro 16"" - Silber 2019 CZ0Y1-10010 i9 2,4GHz, 16GB RAM, 512GB SSD, Radeon Pro 5500M, macOS - Touch Bar",-7,"3.019,99 €",,"40 cm (16"") 3072 x 1920 Pixel IPS glänzendes Display
 Intel® Core™ i9 (9. Generation) CPU
 AMD Radeon Pro 5500M 4096 MB Grafik
 16 GB RAM | 512 GB SSD
 macOS | Silber | 2 kg",https://media.nbb-cdn.de/images/products/640000/641504/MacBook_Pro16_2.jpg?size=2800,Notebook
,,,,,,Notebook
"Apple MacBook Pro 16"" - Silber 2019 CZ0Y1-10110 i9 2,4GHz, 16GB RAM, 1TB SSD, Radeon Pro 5500M, macOS - Touch Bar",-7,"3.269,99 €",,"40 cm (16"") 3072 x 1920 Pixel IPS glänzendes Display
 Intel® Core™ i9 (9. Generation) CPU
 AMD Radeon Pro 5500M 4096 MB Grafik
 16 GB RAM | 1000 GB SSD
 macOS | Silber | 2 kg",https://media.nbb-cdn.de/images/products/640000/641506/MacBook_Pro16_2.jpg?size=2800,Notebook
,,,,,,Notebook
"Apple MacBook Pro 16"" - Silber 2019 CZ0Y1-10210 i9 2,4GHz, 16GB RAM, 2TB SSD, Radeon Pro 5500M, macOS - Touch Bar",-7,"3.749,99 €",,"40 cm (16"") 3072 x 1920 Pixel IPS glänzendes Display
 Intel® Core™ i9 (9. Generation) CPU
 AMD Radeon Pro 5500M 4096 MB Grafik
 16 GB RAM | 2000 GB SSD
 macOS | Silber | 2 kg",https://media.nbb-cdn.de/images/products/640000/641508/MacBook_Pro16_2.jpg?size=2800,Notebook
,,,,,,Notebook
"Apple MacBook Pro 16"" - Silber 2019 CZ0Y1-10310 i9 2,4GHz, 16GB RAM, 4TB SSD, Radeon Pro 5500M, macOS - Touch Bar",-7,"4.449,99 €",,"40 cm (16"") 3072 x 1920 Pixel IPS glänzendes Display
 Intel® Core™ i9 (9. Generation) CPU
 AMD Radeon Pro 5500M 4096 MB Grafik
 16 GB RAM | 4000 GB SSD
 macOS | Silber | 2 kg",https://media.nbb-cdn.de/images/products/640000/641509/MacBook_Pro16_2.jpg?size=2800,Notebook
,,,,,,Notebook
"Apple MacBook Pro 16"" - Silber 2019 CZ0Y1-10410 i9 2,4GHz, 16GB RAM, 8TB SSD, Radeon Pro 5500M, macOS - Touch Bar",-7,"5.849,99 €",,"40 cm (16"") 3072 x 1920 Pixel IPS glänzendes Display
 Intel® Core™ i9 (9. Generation) CPU
 AMD Radeon Pro 5500M 4096 MB Grafik
 16 GB RAM | 8000 GB SSD
 macOS | Silber | 2 kg",https://media.nbb-cdn.de/images/products/640000/641511/MacBook_Pro16_2.jpg?size=2800,Notebook
,,,,,,Notebook
"Apple MacBook Pro 16"" - Silber 2019 CZ0Y1-11010 i9 2,4GHz, 32GB RAM, 512GB SSD, Radeon Pro 5500M, macOS - Touch Bar",-7,"3.489,99 €",,"40 cm (16"") 3072 x 1920 Pixel IPS glänzendes Display
 Intel® Core™ i9 (9. Generation) CPU
 AMD Radeon Pro 5500M 4096 MB Grafik
 32 GB RAM | 512 GB SSD
 macOS | Silber | 2 kg",https://media.nbb-cdn.de/images/products/640000/641512/MacBook_Pro16_2.jpg?size=2800,Notebook
,,,,,,Notebook
"Apple MacBook Pro 16"" - Silber 2019 CZ0Y1-11110 i9 2,4GHz, 32GB RAM, 1TB SSD, Radeon Pro 5500M, macOS - Touch Bar",-7,"3.739,99 €",,"40 cm (16"") 3072 x 1920 Pixel IPS glänzendes Display
 Intel® Core™ i9 (9. Generation) CPU
 AMD Radeon Pro 5500M 4096 MB Grafik
 32 GB RAM | 1000 GB SSD
 macOS | Silber | 2 kg",https://media.nbb-cdn.de/images/products/640000/641514/MacBook_Pro16_2.jpg?size=2800,Notebook
,,,,,,Notebook
"Apple MacBook Pro 16"" - Silber 2019 CZ0Y1-11210 i9 2,4GHz, 32GB RAM, 2TB SSD, Radeon Pro 5500M, macOS - Touch Bar",-7,"4.189,99 €",,"40 cm (16"") 3072 x 1920 Pixel IPS glänzendes Display
 Intel® Core™ i9 (9. Generation) CPU
 AMD Radeon Pro 5500M 4096 MB Grafik
 32 GB RAM | 2000 GB SSD
 macOS | Silber | 2 kg",https://media.nbb-cdn.de/images/products/640000/641515/MacBook_Pro16_2.jpg?size=2800,Notebook
,,,,,,Notebook
"Apple MacBook Pro 16"" - Silber 2019 CZ0Y1-11310 i9 2,4GHz, 32GB RAM, 4TB SSD, Radeon Pro 5500M, macOS - Touch Bar",-7,"4.919,99 €",,"40 cm (16"") 3072 x 1920 Pixel IPS glänzendes Display
 Intel® Core™ i9 (9. Generation) CPU
 AMD Radeon Pro 5500M 4096 MB Grafik
 32 GB RAM | 4000 GB SSD
 macOS | Silber | 2 kg",https://media.nbb-cdn.de/images/products/640000/641517/MacBook_Pro16_2.jpg?size=2800,Notebook
,,,,,,Notebook
"Apple MacBook Pro 16"" - Silber 2019 CZ0Y1-11410 i9 2,4GHz, 32GB RAM, 8TB SSD, Radeon Pro 5500M, macOS - Touch Bar",-7,"6.559,99 €",,"40 cm (16"") 3072 x 1920 Pixel IPS glänzendes Display
 Intel® Core™ i9 (9. Generation) CPU
 AMD Radeon Pro 5500M 4096 MB Grafik
 32 GB RAM | 8000 GB SSD
 macOS | Silber | 2 kg",https://media.nbb-cdn.de/images/products/640000/641519/MacBook_Pro16_2.jpg?size=2800,Notebook
,,,,,,Notebook
"Apple MacBook Pro 16"" - Silber 2019 CZ0Y1-12010 i9 2,4GHz, 64GB RAM, 512GB SSD, Radeon Pro 5500M, macOS - Touch Bar",-7,"3.759,99 €",,"40 cm (16"") 3072 x 1920 Pixel IPS glänzendes Display
 Intel® Core™ i9 (9. Generation) CPU
 AMD Radeon Pro 5500M 4096 MB Grafik
 64 GB RAM | 512 GB SSD
 macOS | Silber | 2 kg",https://media.nbb-cdn.de/images/products/640000/641521/MacBook_Pro16_2.jpg?size=2800,Notebook
,,,,,,Notebook
"Apple MacBook Pro 16"" - Silber 2019 CZ0Y1-12110 i9 2,4GHz, 64GB RAM, 1TB SSD, Radeon Pro 5500M, macOS - Touch Bar",-7,"4.189,99 €",,"40 cm (16"") 3072 x 1920 Pixel IPS glänzendes Display
 Intel® Core™ i9 (9. Generation) CPU
 AMD Radeon Pro 5500M 4096 MB Grafik
 64 GB RAM | 1000 GB SSD
 macOS | Silber | 2 kg",https://media.nbb-cdn.de/images/products/640000/641523/MacBook_Pro16_2.jpg?size=2800,Notebook
,,,,,,Notebook
"Apple MacBook Pro 16"" - Silber 2019 CZ0Y1-12310 i9 2,4GHz, 64GB RAM, 4TB SSD, Radeon Pro 5500M, macOS - Touch Bar",-7,"5.719,99 €",,"40 cm (16"") 3072 x 1920 Pixel IPS glänzendes Display
 Intel® Core™ i9 (9. Generation) CPU
 AMD Radeon Pro 5500M 4096 MB Grafik
 64 GB RAM | 4000 GB SSD
 macOS | Silber | 2 kg",https://media.nbb-cdn.de/images/products/640000/641526/MacBook_Pro16_2.jpg?size=2800,Notebook
,,,,,,Notebook
"Apple MacBook Pro 16"" - Silber 2019 CZ0Y1-12410 i9 2,4GHz, 64GB RAM, 8TB SSD, Radeon Pro 5500M, macOS - Touch Bar",-7,"7.039,99 €",,"40 cm (16"") 3072 x 1920 Pixel IPS glänzendes Display
 Intel® Core™ i9 (9. Generation) CPU
 AMD Radeon Pro 5500M 4096 MB Grafik
 64 GB RAM | 8000 GB SSD
 macOS | Silber | 2 kg",https://media.nbb-cdn.de/images/products/640000/641528/MacBook_Pro16_2.jpg?size=2800,Notebook
,,,,,,Notebook
"Apple MacBook Pro 16"" - Silber 2019 CZ0Y3-00100 i9 2,3GHz, 16GB RAM, 2TB SSD, Radeon Pro 5500M, macOS - Touch Bar",-7,"3.499,99 €",,"40 cm (16"") 3072 x 1920 Pixel IPS glänzendes Display
 Intel® Core™ i9 (9. Generation) CPU
 AMD Radeon Pro 5500M 4096 MB Grafik
 16 GB RAM | 2000 GB SSD
 macOS | Silber | 2 kg",https://media.nbb-cdn.de/images/products/640000/641530/MacBook_Pro16_2.jpg?size=2800,Notebook
,,,,,,Notebook
"Apple MacBook Pro 16"" - Silber 2019 CZ0Y3-00300 i9 2,3GHz, 16GB RAM, 8TB SSD, Radeon Pro 5500M, macOS - Touch Bar",-7,"5.859,99 €",,"40 cm (16"") 3072 x 1920 Pixel IPS glänzendes Display
 Intel® Core™ i9 (9. Generation) CPU
 AMD Radeon Pro 5500M 4096 MB Grafik
 16 GB RAM | 8000 GB SSD
 macOS | Silber | 2 kg",https://media.nbb-cdn.de/images/products/640000/641535/MacBook_Pro16_2.jpg?size=2800,Notebook
,,,,,,Notebook
"Apple MacBook Pro 16"" - Silber 2019 CZ0Y3-01000 i9 2,3GHz, 32GB RAM, 1TB SSD, Radeon Pro 5500M, macOS - Touch Bar",-7,"3.199,00 €",,"40 cm (16"") 3072 x 1920 Pixel IPS glänzendes Display
 Intel® Core™ i9 (9. Generation) CPU
 AMD Radeon Pro 5500M 4096 MB Grafik
 32 GB RAM | 1000 GB SSD
 macOS | Silber | 2 kg",https://media.nbb-cdn.de/images/products/640000/641537/MacBook_Pro16_2.jpg?size=2800,Notebook
,,,,,,Notebook
"Apple MacBook Pro 16"" - Silber 2019 CZ0Y3-01100 i9 2,3GHz, 32GB RAM, 2TB SSD, Radeon Pro 5500M, macOS - Touch Bar",-7,"3.949,99 €",,"40 cm (16"") 3072 x 1920 Pixel IPS glänzendes Display
 Intel® Core™ i9 (9. Generation) CPU
 AMD Radeon Pro 5500M 4096 MB Grafik
 32 GB RAM | 2000 GB SSD
 macOS | Silber | 2 kg",https://media.nbb-cdn.de/images/products/640000/641538/MacBook_Pro16_2.jpg?size=2800,Notebook
,,,,,,Notebook
"Apple MacBook Pro 16"" - Silber 2019 CZ0Y3-01200 i9 2,3GHz, 32GB RAM, 4TB SSD, Radeon Pro 5500M, macOS - Touch Bar",-7,"4.679,99 €",,"40 cm (16"") 3072 x 1920 Pixel IPS glänzendes Display
 Intel® Core™ i9 (9. Generation) CPU
 AMD Radeon Pro 5500M 4096 MB Grafik
 32 GB RAM | 4000 GB SSD
 macOS | Silber | 2 kg",https://media.nbb-cdn.de/images/products/640000/641541/MacBook_Pro16_2.jpg?size=2800,Notebook
,,,,,,Notebook
"Apple MacBook Pro 16"" - Silber 2019 CZ0Y3-01300 i9 2,3GHz, 32GB RAM, 8TB SSD, Radeon Pro 5500M, macOS - Touch Bar",-7,"6.339,99 €",,"40 cm (16"") 3072 x 1920 Pixel IPS glänzendes Display
 Intel® Core™ i9 (9. Generation) CPU
 AMD Radeon Pro 5500M 4096 MB Grafik
 32 GB RAM | 8000 GB SSD
 macOS | Silber | 2 kg",https://media.nbb-cdn.de/images/products/640000/641544/MacBook_Pro16_2.jpg?size=2800,Notebook
,,,,,,Notebook
"Apple MacBook Pro 16"" - Silber 2019 CZ0Y3-02000 i9 2,3GHz, 64GB RAM, 1TB SSD, Radeon Pro 5500M, macOS - Touch Bar",-7,"3.959,99 €",,"40 cm (16"") 3072 x 1920 Pixel IPS glänzendes Display
 Intel® Core™ i9 (9. Generation) CPU
 AMD Radeon Pro 5500M 4096 MB Grafik
 64 GB RAM | 1000 GB SSD
 macOS | Silber | 2 kg",https://media.nbb-cdn.de/images/products/640000/641547/MacBook_Pro16_2.jpg?size=2800,Notebook
,,,,,,Notebook
"Apple MacBook Pro 16"" - Silber 2019 CZ0Y3-02200 i9 2,3GHz, 64GB RAM, 4TB SSD, Radeon Pro 5500M, macOS - Touch Bar",-7,"5.379,99 €",,"40 cm (16"") 3072 x 1920 Pixel IPS glänzendes Display
 Intel® Core™ i9 (9. Generation) CPU
 AMD Radeon Pro 5500M 4096 MB Grafik
 64 GB RAM | 4000 GB SSD
 macOS | Silber | 2 kg",https://media.nbb-cdn.de/images/products/640000/641549/MacBook_Pro16_2.jpg?size=2800,Notebook
,,,,,,Notebook
"Apple MacBook Pro 16"" - Silber 2019 CZ0Y3-02300 i9 2,3GHz, 64GB RAM, 8TB SSD, Radeon Pro 5500M, macOS - Touch Bar",-7,"6.819,99 €",,"40 cm (16"") 3072 x 1920 Pixel IPS glänzendes Display
 Intel® Core™ i9 (9. Generation) CPU
 AMD Radeon Pro 5500M 4096 MB Grafik
 64 GB RAM | 8000 GB SSD
 macOS | Silber | 2 kg",https://media.nbb-cdn.de/images/products/640000/641550/MacBook_Pro16_2.jpg?size=2800,Notebook
,,,,,,Notebook
"Apple MacBook Pro 16"" - Silber 2019 CZ0Y1-10130 i9 2,4GHz, 16GB RAM, 1TB SSD, Radeon Pro 5600M, macOS - Touch Bar",-7,"4.179,99 €",,,https://media.nbb-cdn.de/images/products/660000/669351/MacBook_Pro16_2.jpg?size=2800,Notebook
,,,,,,Notebook
"Apple MacBook Pro 16"" - Silber 2019 CZ0Y1-10230 i9 2,4GHz, 16GB RAM, 2TB SSD, Radeon Pro 5600M, macOS - Touch Bar",-7,"4.659,99 €",,,https://media.nbb-cdn.de/images/products/660000/669356/1_MB_Pro_16_Zoll_silber_front_2.jpg?size=2800,Notebook
,,,,,,Notebook
"Apple MacBook Pro 16"" - Silber 2019 CZ0Y1-10330 i9 2,4GHz, 16GB RAM, 4TB SSD, Radeon Pro 5600M, macOS - Touch Bar",-7,"5.379,99 €",,,https://media.nbb-cdn.de/images/products/660000/669359/MacBook_Pro16_2.jpg?size=2800,Notebook
,,,,,,Notebook
"Apple MacBook Pro 16"" - Silber 2019 CZ0Y1-10030 i9 2,4GHz, 16GB RAM, 512GB SSD, Radeon Pro 5600M, macOS - Touch Bar",-7,"3.929,99 €",,,https://media.nbb-cdn.de/images/products/660000/669365/MacBook_Pro16_2.jpg?size=2800,Notebook
,,,,,,Notebook
"Apple MacBook Pro 16"" - Silber 2019 CZ0Y1-10430 i9 2,4GHz, 16GB RAM, 8TB SSD, Radeon Pro 5600M, macOS - Touch Bar",-7,"6.819,99 €",,,https://media.nbb-cdn.de/images/products/660000/669376/MacBook_Pro16_2.jpg?size=2800,Notebook
,,,,,,Notebook
"Apple MacBook Pro 16"" - Silber 2019 CZ0Y1-11130 i9 2,4GHz, 32GB RAM, 1TB SSD, Radeon Pro 5600M, macOS - Touch Bar",-7,"4.659,99 €",,,https://media.nbb-cdn.de/images/products/660000/669381/MacBook_Pro16_2.jpg?size=2800,Notebook
,,,,,,Notebook
"Apple MacBook Pro 16"" - Silber 2019 CZ0Y1-11230 i9 2,4GHz, 32GB RAM, 2TB SSD, Radeon Pro 5600M, macOS - Touch Bar",-7,"5.139,99 €",,,https://media.nbb-cdn.de/images/products/660000/669391/MacBook_Pro16_2.jpg?size=2800,Notebook
,,,,,,Notebook
"Apple MacBook Pro 16"" - Silber 2019 CZ0Y1-11330 i9 2,4GHz, 32GB RAM, 4TB SSD, Radeon Pro 5600M, macOS - Touch Bar",-7,"5.859,99 €",,,https://media.nbb-cdn.de/images/products/660000/669399/MacBook_Pro16_2.jpg?size=2800,Notebook
,,,,,,Notebook
"Apple MacBook Pro 16"" - Silber 2019 CZ0Y1-11030 i9 2,4GHz, 32GB RAM, 512GB SSD, Radeon Pro 5600M, macOS - Touch Bar",-7,"4.419,99 €",,,https://media.nbb-cdn.de/images/products/660000/669402/MacBook_Pro16_2.jpg?size=2800,Notebook
,,,,,,Notebook
"Apple MacBook Pro 16"" - Silber 2019 CZ0Y1-11430 i9 2,4GHz, 32GB RAM, 8TB SSD, Radeon Pro 5600M, macOS - Touch Bar",-7,"7.299,99 €",,,https://media.nbb-cdn.de/images/products/660000/669407/MacBook_Pro16_2.jpg?size=2800,Notebook
,,,,,,Notebook
"Apple MacBook Pro 16"" - Silber 2019 CZ0Y1-12130 i9 2,4GHz, 64GB RAM, 1TB SSD, Radeon Pro 5600M, macOS - Touch Bar",-7,"5.139,99 €",,,https://media.nbb-cdn.de/images/products/660000/669412/MacBook_Pro16_2.jpg?size=2800,Notebook
,,,,,,Notebook
"Apple MacBook Pro 16"" - Silber 2019 CZ0Y1-12230 i9 2,4GHz, 64GB RAM, 2TB SSD, Radeon Pro 5600M, macOS - Touch Bar",-7,"5.619,99 €",,,https://media.nbb-cdn.de/images/products/660000/669420/MacBook_Pro16_2.jpg?size=2800,Notebook
,,,,,,Notebook
"Apple MacBook Pro 16"" - Silber 2019 CZ0Y1-12330 i9 2,4GHz, 64GB RAM, 4TB SSD, Radeon Pro 5600M, macOS - Touch Bar",-7,"6.339,99 €",,"40 cm (16"") 3072 x 1920 Pixel IPS glänzendes Display
 Intel® Core™ i9 (9. Generation) unbekannt CPU
 AMD Radeon Pro 5600M 8192 MB Grafik
 64 GB RAM | 4000 GB SSD
 macOS | Silber | 2 kg",https://media.nbb-cdn.de/images/products/660000/669424/MacBook_Pro16_2.jpg?size=2800,Notebook
,,,,,,Notebook
"Apple MacBook Pro 16"" - Silber 2019 CZ0Y3-00020 i9 2,3GHz, 16GB RAM, 1TB SSD, Radeon Pro 5600M, macOS - Touch Bar",-7,"3.929,99 €",,,https://media.nbb-cdn.de/images/products/660000/669502/MacBook_Pro16_1.jpg?size=2800,Notebook
,,,,,,Notebook
"Apple MacBook Pro 16"" - Silber 2019 CZ0Y3-00120 i9 2,3GHz, 16GB RAM, 2TB SSD, Radeon Pro 5600M, macOS - Touch Bar",-7,"4.409,99 €",,,https://media.nbb-cdn.de/images/products/660000/669505/MacBook_Pro16_2.jpg?size=2800,Notebook
,,,,,,Notebook
"Apple MacBook Pro 16"" - Silber 2019 CZ0Y3-00220 i9 2,3GHz, 16GB RAM, 4TB SSD, Radeon Pro 5600M, macOS - Touch Bar",-7,"5.129,99 €",,,https://media.nbb-cdn.de/images/products/660000/669507/MacBook_Pro16_2.jpg?size=2800,Notebook
,,,,,,Notebook
"Apple MacBook Pro 16"" - Silber 2019 CZ0Y3-00320 i9 2,3GHz, 16GB RAM, 8TB SSD, Radeon Pro 5600M, macOS - Touch Bar",-7,"6.579,99 €",,,https://media.nbb-cdn.de/images/products/660000/669508/MacBook_Pro16_2.jpg?size=2800,Notebook
,,,,,,Notebook
"Apple MacBook Pro 16"" - Silber 2019 CZ0Y3-01020 i9 2,3GHz, 32GB RAM, 1TB SSD, Radeon Pro 5600M, macOS - Touch Bar",-7,"4.719,99 €",,,https://media.nbb-cdn.de/images/products/660000/669509/MacBook_Pro16_2.jpg?size=2800,Notebook
,,,,,,Notebook
"Apple MacBook Pro 16"" - Silber 2019 CZ0Y3-01120 i9 2,3GHz, 32GB RAM, 2TB SSD, Radeon Pro 5600M, macOS - Touch Bar",-7,"4.889,99 €",,,https://media.nbb-cdn.de/images/products/660000/669510/MacBook_Pro16_2.jpg?size=2800,Notebook
,,,,,,Notebook
"Apple MacBook Pro 16"" - Silber 2019 CZ0Y3-01220 i9 2,3GHz, 32GB RAM, 4TB SSD, Radeon Pro 5600M, macOS - Touch Bar",-7,"5.609,99 €",,,https://media.nbb-cdn.de/images/products/660000/669513/MacBook_Pro16_2.jpg?size=2800,Notebook
,,,,,,Notebook
"Apple MacBook Pro 16"" - Silber 2019 CZ0Y3-01320 i9 2,3GHz, 32GB RAM, 8TB SSD, Radeon Pro 5600M, macOS - Touch Bar",-7,"7.059,99 €",,,https://media.nbb-cdn.de/images/products/660000/669514/MacBook_Pro16_2.jpg?size=2800,Notebook
,,,,,,Notebook
"Apple MacBook Pro 16"" - Silber 2019 CZ0Y3-02020 i9 2,3GHz, 64GB RAM, 1TB SSD, Radeon Pro 5600M, macOS - Touch Bar",-7,"4.889,99 €",,,https://media.nbb-cdn.de/images/products/660000/669515/1_MB_Pro_16_Zoll_silber_front_2.jpg?size=2800,Notebook
,,,,,,Notebook
"Apple MacBook Pro 16"" - Silber 2019 CZ0Y3-02120 i9 2,3GHz, 64GB RAM, 2TB SSD, Radeon Pro 5600M, macOS - Touch Bar",-7,"5.369,99 €",,,https://media.nbb-cdn.de/images/products/660000/669516/MacBook_Pro16_2.jpg?size=2800,Notebook
,,,,,,Notebook
"Apple MacBook Pro 16"" - Silber 2019 CZ0Y3-02320 i9 2,3GHz, 64GB RAM, 8TB SSD, Radeon Pro 5600M, macOS - Touch Bar",-7,"7.539,99 €",,,https://media.nbb-cdn.de/images/products/660000/669520/MacBook_Pro16_2.jpg?size=2800,Notebook
,,,,,,Notebook
"Apple MacBook Pro 16"" - Space Grau 2019 CZ0XZ-11000 i9 2,4GHz, 32GB RAM, 512GB SSD, Radeon Pro 5300M, macOS - Touch Bar",-7,"3.349,99 €",,"40 cm (16"") 3072 x 1920 Pixel IPS glänzendes Display
 Intel® Core™ i9 (9. Generation) CPU
 AMD Radeon Pro 5300M Grafik
 32 GB RAM | 512 GB SSD
 macOS | Grau | 2 kg",https://media.nbb-cdn.de/images/products/640000/641041/MacBook_Pro16_1.jpg?size=2800,Notebook
,,,,,,Notebook
"Apple MacBook Pro 16"" - Space Grau 2019 CZ0XZ-12200 i9 2,4GHz, 64GB RAM, 2TB SSD, Radeon Pro 5300M, macOS - Touch Bar",-7,"4.569,99 €",,"40 cm (16"") 3072 x 1920 Pixel IPS glänzendes Display
 Intel® Core™ i9 (9. Generation) CPU
 AMD Radeon Pro 5300M Grafik
 64 GB RAM | 2000 GB SSD
 macOS | Grau | 2 kg",https://media.nbb-cdn.de/images/products/640000/641088/MacBook_Pro16_1.jpg?size=2800,Notebook
,,,,,,Notebook
"Apple MacBook Pro 16"" - Space Grau 2019 CZ0XZ-12300 i9 2,4GHz, 64GB RAM, 4TB SSD, Radeon Pro 5300M, macOS - Touch Bar",-7,"5.289,99 €",,"40 cm (16"") 3072 x 1920 Pixel IPS glänzendes Display
 Intel® Core™ i9 (9. Generation) CPU
 AMD Radeon Pro 5300M Grafik
 64 GB RAM | 4000 GB SSD
 macOS | Grau | 2 kg",https://media.nbb-cdn.de/images/products/640000/641091/MacBook_Pro16_1.jpg?size=2800,Notebook
,,,,,,Notebook
"Apple MacBook Pro 16"" - Space Grau 2019 CZ0XZ-12220 i9 2,4GHz, 64GB RAM, 2TB SSD, Radeon Pro 5500M (8GB), macOS - Touch Bar",-7,"4.739,99 €",,"40 cm (16"") 3072 x 1920 Pixel IPS glänzendes Display
 Intel® Core™ i9 (9. Generation) CPU
 AMD Radeon Pro 5500M 8192 MB Grafik
 64 GB RAM | 2000 GB SSD
 macOS | Grau | 2 kg",https://media.nbb-cdn.de/images/products/640000/641613/MacBook_Pro16.jpg?size=2800,Notebook
,,,,,,Notebook
"Apple MacBook Pro 16"" - Space Grau 2019 CZ0Y0-00210 i9 2,3GHz, 16GB RAM, 4TB SSD, Radeon Pro 5500M (8GB), macOS - Touch Bar",-7,"4.799,99 €",,"40 cm (16"") 3072 x 1920 Pixel IPS glänzendes Display
 Intel® Core™ i9 (9. Generation) CPU
 AMD Radeon Pro 5500M 8192 MB Grafik
 16 GB RAM | 4000 GB SSD
 macOS | Grau | 2 kg",https://media.nbb-cdn.de/images/products/640000/641635/MacBook_Pro16.jpg?size=2800,Notebook
,,,,,,Notebook
"Apple MacBook Pro 16"" - Space Grau 2019 CZ0Y0-00310 i9 2,3GHz, 16GB RAM, 8TB SSD, Radeon Pro 5500M (8GB), macOS - Touch Bar",-7,"6.319,99 €",,"40 cm (16"") 3072 x 1920 Pixel IPS glänzendes Display
 Intel® Core™ i9 (9. Generation) CPU
 AMD Radeon Pro 5500M 8192 MB Grafik
 16 GB RAM | 8000 GB SSD
 macOS | Grau | 2 kg",https://media.nbb-cdn.de/images/products/640000/641645/MacBook_Pro16.jpg?size=2800,Notebook
,,,,,,Notebook
"Apple MacBook Pro 16"" - Silber 2019 CZ0Y1-10020 i9 2,4GHz, 16GB RAM, 512GB SSD, Radeon Pro 5500M (8GB), macOS - Touch Bar",-7,"3.509,99 €",,"40 cm (16"") 3072 x 1920 Pixel IPS glänzendes Display
 Intel® Core™ i9 (9. Generation) CPU
 AMD Radeon Pro 5500M 8192 MB Grafik
 16 GB RAM | 512 GB SSD
 macOS | Silber | 2 kg",https://media.nbb-cdn.de/images/products/640000/641695/MacBook_Pro16_1.jpg?size=2800,Notebook
,,,,,,Notebook
"Apple MacBook Pro 16"" - Silber 2019 CZ0Y1-10120 i9 2,4GHz, 16GB RAM, 1TB SSD, Radeon Pro 5500M (8GB), macOS - Touch Bar",-7,"3.759,99 €",,"40 cm (16"") 3072 x 1920 Pixel IPS glänzendes Display
 Intel® Core™ i9 (9. Generation) CPU
 AMD Radeon Pro 5500M 8192 MB Grafik
 16 GB RAM | 1000 GB SSD
 macOS | Silber | 2 kg",https://media.nbb-cdn.de/images/products/640000/641727/MacBook_Pro16_1.jpg?size=2800,Notebook
,,,,,,Notebook
"Apple MacBook Pro 16"" - Silber 2019 CZ0Y1-10220 i9 2,4GHz, 16GB RAM, 2TB SSD, Radeon Pro 5500M (8GB), macOS - Touch Bar",-7,"4.269,99 €",,"40 cm (16"") 3072 x 1920 Pixel IPS glänzendes Display
 Intel® Core™ i9 (9. Generation) CPU
 AMD Radeon Pro 5500M 8192 MB Grafik
 16 GB RAM | 2000 GB SSD
 macOS | Silber | 2 kg",https://media.nbb-cdn.de/images/products/640000/641731/MacBook_Pro16_1.jpg?size=2800,Notebook
,,,,,,Notebook
"Apple MacBook Pro 16"" - Silber 2019 CZ0Y1-10320 i9 2,4GHz, 16GB RAM, 4TB SSD, Radeon Pro 5500M (8GB), macOS - Touch Bar",-7,"5.039,99 €",,"40 cm (16"") 3072 x 1920 Pixel IPS glänzendes Display
 Intel® Core™ i9 (9. Generation) CPU
 AMD Radeon Pro 5500M 8192 MB Grafik
 16 GB RAM | 4000 GB SSD
 macOS | Silber | 2 kg",https://media.nbb-cdn.de/images/products/640000/641733/MacBook_Pro16_1.jpg?size=2800,Notebook
,,,,,,Notebook
"Apple MacBook Pro 16"" - Silber 2019 CZ0Y1-10420 i9 2,4GHz, 16GB RAM, 8TB SSD, Radeon Pro 5500M (8GB), macOS - Touch Bar",-7,"6.549,99 €",,"40 cm (16"") 3072 x 1920 Pixel IPS glänzendes Display
 Intel® Core™ i9 (9. Generation) CPU
 AMD Radeon Pro 5500M 8192 MB Grafik
 16 GB RAM | 8000 GB SSD
 macOS | Silber | 2 kg",https://media.nbb-cdn.de/images/products/640000/641734/MacBook_Pro16_1.jpg?size=2800,Notebook
,,,,,,Notebook
"Apple MacBook Pro 16"" - Silber 2019 CZ0Y1-11020 i9 2,4GHz, 32GB RAM, 512GB SSD, Radeon Pro 5500M (8GB), macOS - Touch Bar",-7,"4.009,99 €",,"40 cm (16"") 3072 x 1920 Pixel IPS glänzendes Display
 Intel® Core™ i9 (9. Generation) CPU
 AMD Radeon Pro 5500M 8192 MB Grafik
 32 GB RAM | 512 GB SSD
 macOS | Silber | 2 kg",https://media.nbb-cdn.de/images/products/640000/641737/MacBook_Pro16_1.jpg?size=2800,Notebook
,,,,,,Notebook
"Apple MacBook Pro 16"" - Silber 2019 CZ0Y1-11120 i9 2,4GHz, 32GB RAM, 1TB SSD, Radeon Pro 5500M (8GB), macOS - Touch Bar",-7,"3.809,99 €",,"40 cm (16"") 3072 x 1920 Pixel IPS glänzendes Display
 Intel® Core™ i9 (9. Generation) CPU
 AMD Radeon Pro 5500M 8192 MB Grafik
 32 GB RAM | 1000 GB SSD
 macOS | Silber | 2 kg",https://media.nbb-cdn.de/images/products/640000/641738/MacBook_Pro16_1.jpg?size=2800,Notebook
,,,,,,Notebook
"Apple MacBook Pro 16"" - Silber 2019 CZ0Y1-11220 i9 2,4GHz, 32GB RAM, 2TB SSD, Radeon Pro 5500M (8GB), macOS - Touch Bar",-7,"4.509,99 €",,"40 cm (16"") 3072 x 1920 Pixel IPS glänzendes Display
 Intel® Core™ i9 (9. Generation) CPU
 AMD Radeon Pro 5500M 8192 MB Grafik
 32 GB RAM | 2000 GB SSD
 macOS | Silber | 2 kg",https://media.nbb-cdn.de/images/products/640000/641739/MacBook_Pro16_1.jpg?size=2800,Notebook
,,,,,,Notebook
"Apple MacBook Pro 16"" - Silber 2019 CZ0Y1-11320 i9 2,4GHz, 32GB RAM, 4TB SSD, Radeon Pro 5500M (8GB), macOS - Touch Bar",-7,"5.079,99 €",,"40 cm (16"") 3072 x 1920 Pixel IPS glänzendes Display
 Intel® Core™ i9 (9. Generation) CPU
 AMD Radeon Pro 5500M 8192 MB Grafik
 32 GB RAM | 4000 GB SSD
 macOS | Silber | 2 kg",https://media.nbb-cdn.de/images/products/640000/641740/MacBook_Pro16_1.jpg?size=2800,Notebook
,,,,,,Notebook
"Apple MacBook Pro 16"" - Silber 2019 CZ0Y1-11420 i9 2,4GHz, 32GB RAM, 8TB SSD, Radeon Pro 5500M (8GB), macOS - Touch Bar",-7,"7.059,99 €",,"40 cm (16"") 3072 x 1920 Pixel IPS glänzendes Display
 Intel® Core™ i9 (9. Generation) CPU
 AMD Radeon Pro 5500M 8192 MB Grafik
 32 GB RAM | 8000 GB SSD
 macOS | Silber | 2 kg",https://media.nbb-cdn.de/images/products/640000/641742/MacBook_Pro16_1.jpg?size=2800,Notebook
,,,,,,Notebook
"Apple MacBook Pro 16"" - Silber 2019 CZ0Y1-12020 i9 2,4GHz, 64GB RAM, 512GB SSD, Radeon Pro 5500M (8GB), macOS - Touch Bar",-7,"4.519,99 €",,"40 cm (16"") 3072 x 1920 Pixel IPS glänzendes Display
 Intel® Core™ i9 (9. Generation) CPU
 AMD Radeon Pro 5500M 8192 MB Grafik
 64 GB RAM | 512 GB SSD
 macOS | Silber | 2 kg",https://media.nbb-cdn.de/images/products/640000/641745/MacBook_Pro16_1.jpg?size=2800,Notebook
,,,,,,Notebook
"Apple MacBook Pro 16"" - Silber 2019 CZ0Y1-12120 i9 2,4GHz, 64GB RAM, 1TB SSD, Radeon Pro 5500M (8GB), macOS - Touch Bar",-7,"4.259,99 €",,"40 cm (16"") 3072 x 1920 Pixel IPS glänzendes Display
 Intel® Core™ i9 (9. Generation) CPU
 AMD Radeon Pro 5500M 8192 MB Grafik
 64 GB RAM | 1000 GB SSD
 macOS | Silber | 2 kg",https://media.nbb-cdn.de/images/products/640000/641747/MacBook_Pro16_1.jpg?size=2800,Notebook
,,,,,,Notebook
"Apple MacBook Pro 16"" - Silber 2019 CZ0Y1-12220 i9 2,4GHz, 64GB RAM, 2TB SSD, Radeon Pro 5500M (8GB), macOS - Touch Bar",-7,"5.289,99 €",,"40 cm (16"") 3072 x 1920 Pixel IPS glänzendes Display
 Intel® Core™ i9 (9. Generation) CPU
 AMD Radeon Pro 5500M 8192 MB Grafik
 64 GB RAM | 2000 GB SSD
 macOS | Silber | 2 kg",https://media.nbb-cdn.de/images/products/640000/641748/MacBook_Pro16_1.jpg?size=2800,Notebook
,,,,,,Notebook
"Apple MacBook Pro 16"" - Silber 2019 CZ0Y1-12320 i9 2,4GHz, 64GB RAM, 4TB SSD, Radeon Pro 5500M (8GB), macOS - Touch Bar",-7,"5.449,99 €",,"40 cm (16"") 3072 x 1920 Pixel IPS glänzendes Display
 Intel® Core™ i9 (9. Generation) CPU
 AMD Radeon Pro 5500M 8192 MB Grafik
 64 GB RAM | 4000 GB SSD
 macOS | Silber | 2 kg",https://media.nbb-cdn.de/images/products/640000/641750/MacBook_Pro16_1.jpg?size=2800,Notebook
,,,,,,Notebook
"Apple MacBook Pro 16"" - Silber 2019 CZ0Y1-12420 i9 2,4GHz, 64GB RAM, 8TB SSD, Radeon Pro 5500M (8GB), macOS - Touch Bar",-7,"7.729,99 €",,"40 cm (16"") 3072 x 1920 Pixel IPS glänzendes Display
 Intel® Core™ i9 (9. Generation) CPU
 AMD Radeon Pro 5500M 8192 MB Grafik
 64 GB RAM | 8000 GB SSD
 macOS | Silber | 2 kg",https://media.nbb-cdn.de/images/products/640000/641752/MacBook_Pro16_1.jpg?size=2800,Notebook
,,,,,,Notebook
"Apple MacBook Pro 16"" - Silber 2019 CZ0Y3-00110 i9 2,3GHz, 16GB RAM, 2TB SSD, Radeon Pro 5500M (8GB), macOS - Touch Bar",-7,"3.479,99 €",,"40 cm (16"") 3072 x 1920 Pixel IPS glänzendes Display
 Intel® Core™ i9 (9. Generation) CPU
 AMD Radeon Pro 5500M 8192 MB Grafik
 16 GB RAM | 2000 GB SSD
 macOS | Silber | 2 kg",https://media.nbb-cdn.de/images/products/640000/641754/MacBook_Pro16_1.jpg?size=2800,Notebook
,,,,,,Notebook
"Apple MacBook Pro 16"" - Silber 2019 CZ0Y3-00210 i9 2,3GHz, 16GB RAM, 4TB SSD, Radeon Pro 5500M (8GB), macOS - Touch Bar",-7,"4.329,99 €",,"40 cm (16"") 3072 x 1920 Pixel IPS glänzendes Display
 Intel® Core™ i9 (9. Generation) CPU
 AMD Radeon Pro 5500M 8192 MB Grafik
 16 GB RAM | 4000 GB SSD
 macOS | Silber | 2 kg",https://media.nbb-cdn.de/images/products/640000/641755/MacBook_Pro16_1.jpg?size=2800,Notebook
,,,,,,Notebook
"Apple MacBook Pro 16"" - Silber 2019 CZ0Y3-00310 i9 2,3GHz, 16GB RAM, 8TB SSD, Radeon Pro 5500M (8GB), macOS - Touch Bar",-7,"6.319,99 €",,"40 cm (16"") 3072 x 1920 Pixel IPS glänzendes Display
 Intel® Core™ i9 (9. Generation) CPU
 AMD Radeon Pro 5500M 8192 MB Grafik
 16 GB RAM | 8000 GB SSD
 macOS | Silber | 2 kg",https://media.nbb-cdn.de/images/products/640000/641758/MacBook_Pro16_1.jpg?size=2800,Notebook
,,,,,,Notebook
"Apple MacBook Pro 16"" - Silber 2019 CZ0Y3-01110 i9 2,3GHz, 32GB RAM, 2TB SSD, Radeon Pro 5500M (8GB), macOS - Touch Bar",-7,"4.039,99 €",,"40 cm (16"") 3072 x 1920 Pixel IPS glänzendes Display
 Intel® Core™ i9 (9. Generation) CPU
 AMD Radeon Pro 5500M 8192 MB Grafik
 32 GB RAM | 2000 GB SSD
 macOS | Silber | 2 kg",https://media.nbb-cdn.de/images/products/640000/641766/MacBook_Pro16_1.jpg?size=2800,Notebook
,,,,,,Notebook
"Apple MacBook Pro 16"" - Silber 2019 CZ0Y3-01210 i9 2,3GHz, 32GB RAM, 4TB SSD, Radeon Pro 5500M (8GB), macOS - Touch Bar",-7,"5.309,99 €",,"40 cm (16"") 3072 x 1920 Pixel IPS glänzendes Display
 Intel® Core™ i9 (9. Generation) CPU
 AMD Radeon Pro 5500M 8192 MB Grafik
 32 GB RAM | 4000 GB SSD
 macOS | Silber | 2 kg",https://media.nbb-cdn.de/images/products/640000/641771/MacBook_Pro16_1.jpg?size=2800,Notebook
,,,,,,Notebook
"Apple MacBook Pro 16"" - Silber 2019 CZ0Y3-01310 i9 2,3GHz, 32GB RAM, 8TB SSD, Radeon Pro 5500M (8GB), macOS - Touch Bar",-7,"6.829,99 €",,"40 cm (16"") 3072 x 1920 Pixel IPS glänzendes Display
 Intel® Core™ i9 (9. Generation) CPU
 AMD Radeon Pro 5500M 8192 MB Grafik
 32 GB RAM | 8000 GB SSD
 macOS | Silber | 2 kg",https://media.nbb-cdn.de/images/products/640000/641775/MacBook_Pro16_1.jpg?size=2800,Notebook
,,,,,,Notebook
"Apple MacBook Pro 16"" - Silber 2019 CZ0Y3-02010 i9 2,3GHz, 64GB RAM, 1TB SSD, Radeon Pro 5500M (8GB), macOS - Touch Bar",-7,"3.699,00 €",,"40 cm (16"") 3072 x 1920 Pixel IPS glänzendes Display
 Intel® Core™ i9 (9. Generation) CPU
 AMD Radeon Pro 5500M 8192 MB Grafik
 64 GB RAM | 1000 GB SSD
 macOS | Silber | 2 kg",https://media.nbb-cdn.de/images/products/640000/641779/MacBook_Pro16_1.jpg?size=2800,Notebook
,,,,,,Notebook
"Apple MacBook Pro 16"" - Silber 2019 CZ0Y3-02110 i9 2,3GHz, 64GB RAM, 2TB SSD, Radeon Pro 5500M (8GB), macOS - Touch Bar",-7,"4.489,99 €",,"40 cm (16"") 3072 x 1920 Pixel IPS glänzendes Display
 Intel® Core™ i9 (9. Generation) CPU
 AMD Radeon Pro 5500M 8192 MB Grafik
 64 GB RAM | 2000 GB SSD
 macOS | Silber | 2 kg",https://media.nbb-cdn.de/images/products/640000/641783/MacBook_Pro16_1.jpg?size=2800,Notebook
,,,,,,Notebook
"Apple MacBook Pro 16"" - Silber 2019 CZ0Y3-02210 i9 2,3GHz, 64GB RAM, 4TB SSD, Radeon Pro 5500M (8GB), macOS - Touch Bar",-7,"5.499,99 €",,"40 cm (16"") 3072 x 1920 Pixel IPS glänzendes Display
 Intel® Core™ i9 (9. Generation) CPU
 AMD Radeon Pro 5500M 8192 MB Grafik
 64 GB RAM | 4000 GB SSD
 macOS | Silber | 2 kg",https://media.nbb-cdn.de/images/products/640000/641787/MacBook_Pro16_1.jpg?size=2800,Notebook
,,,,,,Notebook
"Apple MacBook Pro 16"" - Silber 2019 CZ0Y3-02310 i9 2,3GHz, 64GB RAM, 8TB SSD, Radeon Pro 5500M (8GB), macOS - Touch Bar",-7,"7.339,99 €",,"40 cm (16"") 3072 x 1920 Pixel IPS glänzendes Display
 Intel® Core™ i9 (9. Generation) CPU
 AMD Radeon Pro 5500M 8192 MB Grafik
 64 GB RAM | 8000 GB SSD
 macOS | Silber | 2 kg",https://media.nbb-cdn.de/images/products/640000/641791/MacBook_Pro16_1.jpg?size=2800,Notebook
,,,,,,Notebook
"HP ZBook Fury 17 G7 119W5EA 17,3"" UHD IPS DC, Intel i9-10885H, 32GB RAM, 1TB SSD, NVIDIA Quadro RTX4000, Windows 10 Pro",0,"4.326,00 €",,,https://media.nbb-cdn.de/images/products/680000/686740/Alder_17_G7_TurboSilver_FrontLeft.png?size=2800,Notebook
,,,,,,Notebook
"Apple MacBook Pro 16"" - Space Grau 2019 CZ0Y0-01200 i9 2,3GHz, 32GB RAM, 4TB SSD, Radeon Pro 5500M, macOS - Touch Bar",-7,"4.679,99 €",,"40 cm (16"") 3072 x 1920 Pixel IPS glänzendes Display
 Intel® Core™ i9 (9. Generation) CPU
 AMD Radeon Pro 5500M 4096 MB Grafik
 32 GB RAM | 4000 GB SSD
 macOS | Grau | 2 kg",https://media.nbb-cdn.de/images/products/640000/640371/MacBook_Pro16.jpg?size=2800,Notebook
,,,,,,Notebook
"Apple MacBook Pro 16"" - Space Grau 2019 CZ0XZ-10100 i9 2,4GHz, 16GB RAM, 1TB SSD, Radeon Pro 5300M, macOS - Touch Bar",-7,"3.139,99 €",,"40 cm (16"") 3072 x 1920 Pixel IPS glänzendes Display
 Intel® Core™ i9 (9. Generation) CPU
 AMD Radeon Pro 5300M Grafik
 16 GB RAM | 1000 GB SSD
 macOS | Grau | 2 kg",https://media.nbb-cdn.de/images/products/640000/640499/MacBook_Pro16.jpg?size=2800,Notebook
,,,,,,Notebook
"Apple MacBook Pro 16"" - Space Grau 2019 CZ0XZ-10200 i9 2,4GHz, 16GB RAM, 2TB SSD, Radeon Pro 5300M, macOS - Touch Bar",-7,"3.619,99 €",,"40 cm (16"") 3072 x 1920 Pixel IPS glänzendes Display
 Intel® Core™ i9 (9. Generation) CPU
 AMD Radeon Pro 5300M Grafik
 16 GB RAM | 2000 GB SSD
 macOS | Grau | 2 kg",https://media.nbb-cdn.de/images/products/640000/640545/MacBook_Pro16_1.jpg?size=2800,Notebook
,,,,,,Notebook
"Apple MacBook Pro 16"" - Space Grau 2019 CZ0XZ-10300 i9 2,4GHz, 16GB RAM, 4TB SSD, Radeon Pro 5300M, macOS - Touch Bar",-7,"4.309,99 €",,"40 cm (16"") 3072 x 1920 Pixel IPS glänzendes Display
 Intel® Core™ i9 (9. Generation) CPU
 AMD Radeon Pro 5300M Grafik
 16 GB RAM | 4000 GB SSD
 macOS | Grau | 2 kg",https://media.nbb-cdn.de/images/products/640000/640551/MacBook_Pro16_1.jpg?size=2800,Notebook
,,,,,,Notebook
"Apple MacBook Pro 16"" - Space Grau 2019 CZ0XZ-10400 i9 2,4GHz, 16GB RAM, 8TB SSD, Radeon Pro 5300M, macOS - Touch Bar",-7,"5.759,99 €",,"40 cm (16"") 3072 x 1920 Pixel IPS glänzendes Display
 Intel® Core™ i9 (9. Generation) CPU
 AMD Radeon Pro 5300M Grafik
 16 GB RAM | 8000 GB SSD
 macOS | Grau | 2 kg",https://media.nbb-cdn.de/images/products/640000/641038/MacBook_Pro16_1.jpg?size=2800,Notebook
,,,,,,Notebook
"Apple MacBook Pro 16"" - Space Grau 2019 CZ0XZ-11100 i9 2,4GHz, 32GB RAM, 1TB SSD, Radeon Pro 5300M, macOS - Touch Bar",-7,"3.499,00 €",,"40 cm (16"") 3072 x 1920 Pixel IPS glänzendes Display
 Intel® Core™ i9 (9. Generation) CPU
 AMD Radeon Pro 5300M Grafik
 32 GB RAM | 1000 GB SSD
 macOS | Grau | 2 kg",https://media.nbb-cdn.de/images/products/640000/641047/MacBook_Pro16_1.jpg?size=2800,Notebook
,,,,,,Notebook
"Apple MacBook Pro 16"" - Space Grau 2019 CZ0XZ-11200 i9 2,4GHz, 32GB RAM, 2TB SSD, Radeon Pro 5300M, macOS - Touch Bar",-7,"4.099,99 €",,"40 cm (16"") 3072 x 1920 Pixel IPS glänzendes Display
 Intel® Core™ i9 (9. Generation) CPU
 AMD Radeon Pro 5300M Grafik
 32 GB RAM | 2000 GB SSD
 macOS | Grau | 2 kg",https://media.nbb-cdn.de/images/products/640000/641050/MacBook_Pro16_1.jpg?size=2800,Notebook
,,,,,,Notebook
"Apple MacBook Pro 16"" - Space Grau 2019 CZ0XZ-11300 i9 2,4GHz, 32GB RAM, 4TB SSD, Radeon Pro 5300M, macOS - Touch Bar",-7,"4.779,99 €",,"40 cm (16"") 3072 x 1920 Pixel IPS glänzendes Display
 Intel® Core™ i9 (9. Generation) CPU
 AMD Radeon Pro 5300M Grafik
 32 GB RAM | 4000 GB SSD
 macOS | Grau | 2 kg",https://media.nbb-cdn.de/images/products/640000/641054/MacBook_Pro16_1.jpg?size=2800,Notebook
,,,,,,Notebook
"Apple MacBook Pro 16"" - Space Grau 2019 CZ0XZ-11400 i9 2,4GHz, 32GB RAM, 8TB SSD, Radeon Pro 5300M, macOS - Touch Bar",-7,"6.229,99 €",,"40 cm (16"") 3072 x 1920 Pixel IPS glänzendes Display
 Intel® Core™ i9 (9. Generation) CPU
 AMD Radeon Pro 5300M Grafik
 32 GB RAM | 8000 GB SSD
 macOS | Grau | 2 kg",https://media.nbb-cdn.de/images/products/640000/641060/MacBook_Pro16_1.jpg?size=2800,Notebook
,,,,,,Notebook
"Apple MacBook Pro 16"" - Space Grau 2019 CZ0XZ-12000 i9 2,4GHz, 64GB RAM, 512GB SSD, Radeon Pro 5300M, macOS - Touch Bar",-7,"3.839,99 €",,"40 cm (16"") 3072 x 1920 Pixel IPS glänzendes Display
 Intel® Core™ i9 (9. Generation) CPU
 AMD Radeon Pro 5300M Grafik
 64 GB RAM | 512 GB SSD
 macOS | Grau | 2 kg",https://media.nbb-cdn.de/images/products/640000/641065/MacBook_Pro16_1.jpg?size=2800,Notebook
,,,,,,Notebook
"Apple MacBook Pro 16"" - Space Grau 2019 CZ0XZ-12100 i9 2,4GHz, 64GB RAM, 1TB SSD, Radeon Pro 5300M, macOS - Touch Bar",-7,"4.099,99 €",,"40 cm (16"") 3072 x 1920 Pixel IPS glänzendes Display
 Intel® Core™ i9 (9. Generation) CPU
 AMD Radeon Pro 5300M Grafik
 64 GB RAM | 1000 GB SSD
 macOS | Grau | 2 kg",https://media.nbb-cdn.de/images/products/640000/641067/MacBook_Pro16_1.jpg?size=2800,Notebook
,,,,,,Notebook
"Apple MacBook Pro 16"" - Space Grau 2019 CZ0XZ-12400 i9 2,4GHz, 64GB RAM, 8TB SSD, Radeon Pro 5300M, macOS - Touch Bar",-7,"6.669,99 €",,"40 cm (16"") 3072 x 1920 Pixel IPS glänzendes Display
 Intel® Core™ i9 (9. Generation) CPU
 AMD Radeon Pro 5300M Grafik
 64 GB RAM | 8000 GB SSD
 macOS | Grau | 2 kg",https://media.nbb-cdn.de/images/products/640000/641094/MacBook_Pro16_1.jpg?size=2800,Notebook
,,,,,,Notebook
"Apple MacBook Pro 16"" - Space Grau 2019 CZ0Y0-01210 i9 2,3GHz, 32GB RAM, 4TB SSD, Radeon Pro 5500M (8GB), macOS - Touch Bar",-7,"4.739,99 €",,"40 cm (16"") 3072 x 1920 Pixel IPS glänzendes Display
 Intel® Core™ i9 (9. Generation) CPU
 AMD Radeon Pro 5500M 8192 MB Grafik
 32 GB RAM | 4000 GB SSD
 macOS | Grau | 2 kg",https://media.nbb-cdn.de/images/products/640000/641127/MacBook_Pro16.jpg?size=2800,Notebook
,,,,,,Notebook
"Apple MacBook Pro 16"" - Space Grau 2019 CZ0XZ-10010 i9 2,4GHz, 16GB RAM, 512GB SSD, Radeon Pro 5500M (4GB), macOS - Touch Bar",-7,"3.019,99 €",,"40 cm (16"") 3072 x 1920 Pixel IPS glänzendes Display
 Intel® Core™ i9 (9. Generation) CPU
 AMD Radeon Pro 5500M 4096 MB Grafik
 16 GB RAM | 512 GB SSD
 macOS | Grau | 2 kg",https://media.nbb-cdn.de/images/products/640000/641300/MacBook_Pro16.jpg?size=2800,Notebook
,,,,,,Notebook
"Apple MacBook Pro 16"" - Space Grau 2019 CZ0XZ-10210 i9 2,4GHz, 16GB RAM, 2TB SSD, Radeon Pro 5500M (4GB), macOS - Touch Bar",-7,"3.739,99 €",,"40 cm (16"") 3072 x 1920 Pixel IPS glänzendes Display
 Intel® Core™ i9 (9. Generation) CPU
 AMD Radeon Pro 5500M 4096 MB Grafik
 16 GB RAM | 2000 GB SSD
 macOS | Grau | 2 kg",https://media.nbb-cdn.de/images/products/640000/641308/MacBook_Pro16.jpg?size=2800,Notebook
,,,,,,Notebook
"Apple MacBook Pro 16"" - Space Grau 2019 CZ0XZ-10310 i9 2,4GHz, 16GB RAM, 4TB SSD, Radeon Pro 5500M (4GB), macOS - Touch Bar",-7,"4.449,99 €",,"40 cm (16"") 3072 x 1920 Pixel IPS glänzendes Display
 Intel® Core™ i9 (9. Generation) CPU
 AMD Radeon Pro 5500M 4096 MB Grafik
 16 GB RAM | 4000 GB SSD
 macOS | Grau | 2 kg",https://media.nbb-cdn.de/images/products/640000/641311/MacBook_Pro16.jpg?size=2800,Notebook
,,,,,,Notebook
"Apple MacBook Pro 16"" - Space Grau 2019 CZ0XZ-10410 i9 2,4GHz, 16GB RAM, 8TB SSD, Radeon Pro 5500M (4GB), macOS - Touch Bar",-7,"5.849,99 €",,"40 cm (16"") 3072 x 1920 Pixel IPS glänzendes Display
 Intel® Core™ i9 (9. Generation) CPU
 AMD Radeon Pro 5500M 4096 MB Grafik
 16 GB RAM | 8000 GB SSD
 macOS | Grau | 2 kg",https://media.nbb-cdn.de/images/products/640000/641314/MacBook_Pro16.jpg?size=2800,Notebook
,,,,,,Notebook
"Apple MacBook Pro 16"" - Space Grau 2019 CZ0XZ-11210 i9 2,4GHz, 32GB RAM, 2TB SSD, Radeon Pro 5500M, macOS - Touch Bar",-7,"4.189,99 €",,"40 cm (16"") 3072 x 1920 Pixel IPS glänzendes Display
 Intel® Core™ i9 (9. Generation) CPU
 AMD Radeon Pro 5500M 4096 MB Grafik
 32 GB RAM | 2000 GB SSD
 macOS | Grau | 2 kg",https://media.nbb-cdn.de/images/products/640000/641320/MacBook_Pro16.jpg?size=2800,Notebook
,,,,,,Notebook
"Apple MacBook Pro 16"" - Space Grau 2019 CZ0XZ-11310 i9 2,4GHz, 32GB RAM, 4TB SSD, Radeon Pro 5500M, macOS - Touch Bar",-7,"4.919,99 €",,"40 cm (16"") 3072 x 1920 Pixel IPS glänzendes Display
 Intel® Core™ i9 (9. Generation) CPU
 AMD Radeon Pro 5500M 4096 MB Grafik
 32 GB RAM | 4000 GB SSD
 macOS | Grau | 2 kg",https://media.nbb-cdn.de/images/products/640000/641337/MacBook_Pro16.jpg?size=2800,Notebook
,,,,,,Notebook
"Apple MacBook Pro 16"" - Space Grau 2019 CZ0XZ-11410 i9 2,4GHz, 32GB RAM, 8TB SSD, Radeon Pro 5500M, macOS - Touch Bar",-7,"6.319,99 €",,"40 cm (16"") 3072 x 1920 Pixel IPS glänzendes Display
 Intel® Core™ i9 (9. Generation) CPU
 AMD Radeon Pro 5500M 4096 MB Grafik
 32 GB RAM | 8000 GB SSD
 macOS | Grau | 2 kg",https://media.nbb-cdn.de/images/products/640000/641347/MacBook_Pro16.jpg?size=2800,Notebook
,,,,,,Notebook
"Apple MacBook Pro 16"" - Space Grau 2019 CZ0XZ-12010 i9 2,4GHz, 64GB RAM, 512GB SSD, Radeon Pro 5500M, macOS - Touch Bar",-7,"3.959,99 €",,"40 cm (16"") 3072 x 1920 Pixel IPS glänzendes Display
 Intel® Core™ i9 (9. Generation) CPU
 AMD Radeon Pro 5500M 4096 MB Grafik
 64 GB RAM | 512 GB SSD
 macOS | Grau | 2 kg",https://media.nbb-cdn.de/images/products/640000/641350/MacBook_Pro16.jpg?size=2800,Notebook
,,,,,,Notebook
"Apple MacBook Pro 16"" - Space Grau 2019 CZ0XZ-12210 i9 2,4GHz, 64GB RAM, 2TB SSD, Radeon Pro 5500M, macOS - Touch Bar",-7,"4.659,99 €",,"40 cm (16"") 3072 x 1920 Pixel IPS glänzendes Display
 Intel® Core™ i9 (9. Generation) CPU
 AMD Radeon Pro 5500M 4096 MB Grafik
 64 GB RAM | 2000 GB SSD
 macOS | Grau | 2 kg",https://media.nbb-cdn.de/images/products/640000/641358/MacBook_Pro16.jpg?size=2800,Notebook
,,,,,,Notebook
"Apple MacBook Pro 16"" - Space Grau 2019 CZ0XZ-12310 i9 2,4GHz, 64GB RAM, 4TB SSD, Radeon Pro 5500M, macOS - Touch Bar",-7,"5.399,99 €",,"40 cm (16"") 3072 x 1920 Pixel IPS glänzendes Display
 Intel® Core™ i9 (9. Generation) CPU
 AMD Radeon Pro 5500M 4096 MB Grafik
 64 GB RAM | 4000 GB SSD
 macOS | Grau | 2 kg",https://media.nbb-cdn.de/images/products/640000/641360/MacBook_Pro16.jpg?size=2800,Notebook
,,,,,,Notebook
"Apple MacBook Pro 16"" - Space Grau 2019 CZ0XZ-12410 i9 2,4GHz, 64GB RAM, 8TB SSD, Radeon Pro 5500M, macOS - Touch Bar",-7,"6.779,99 €",,"40 cm (16"") 3072 x 1920 Pixel IPS glänzendes Display
 Intel® Core™ i9 (9. Generation) CPU
 AMD Radeon Pro 5500M 4096 MB Grafik
 64 GB RAM | 8000 GB SSD
 macOS | Grau | 2 kg",https://media.nbb-cdn.de/images/products/640000/641361/MacBook_Pro16.jpg?size=2800,Notebook
,,,,,,Notebook
"Apple MacBook Pro 16"" - Space Grau 2019 CZ0Y0-00100 i9 2,3GHz, 16GB RAM, 2TB SSD, Radeon Pro 5500M, macOS - Touch Bar",-7,"3.499,99 €",,"40 cm (16"") 3072 x 1920 Pixel IPS glänzendes Display
 Intel® Core™ i9 (9. Generation) CPU
 AMD Radeon Pro 5500M 4096 MB Grafik
 16 GB RAM | 2000 GB SSD
 macOS | Grau | 2 kg",https://media.nbb-cdn.de/images/products/640000/641364/MacBook_Pro16.jpg?size=2800,Notebook
,,,,,,Notebook
"Apple MacBook Pro 16"" - Space Grau 2019 CZ0Y0-00200 i9 2,3GHz, 16GB RAM, 4TB SSD, Radeon Pro 5500M, macOS - Touch Bar",-7,"4.209,99 €",,"40 cm (16"") 3072 x 1920 Pixel IPS glänzendes Display
 Intel® Core™ i9 (9. Generation) CPU
 AMD Radeon Pro 5500M 4096 MB Grafik
 16 GB RAM | 4000 GB SSD
 macOS | Grau | 2 kg",https://media.nbb-cdn.de/images/products/640000/641367/MacBook_Pro16.jpg?size=2800,Notebook
,,,,,,Notebook
"Apple MacBook Pro 16"" - Space Grau 2019 CZ0Y0-00300 i9 2,3GHz, 16GB RAM, 8TB SSD, Radeon Pro 5500M, macOS - Touch Bar",-7,"5.639,99 €",,"40 cm (16"") 3072 x 1920 Pixel IPS glänzendes Display
 Intel® Core™ i9 (9. Generation) CPU
 AMD Radeon Pro 5500M 4096 MB Grafik
 16 GB RAM | 8000 GB SSD
 macOS | Grau | 2 kg",https://media.nbb-cdn.de/images/products/640000/641369/MacBook_Pro16.jpg?size=2800,Notebook
,,,,,,Notebook
"Apple MacBook Pro 16"" - Space Grau 2019 CZ0Y0-01100 i9 2,3GHz, 32GB RAM, 2TB SSD, Radeon Pro 5500M, macOS - Touch Bar",-7,"4.219,99 €",,"40 cm (16"") 3072 x 1920 Pixel IPS glänzendes Display
 Intel® Core™ i9 (9. Generation) CPU
 AMD Radeon Pro 5500M 4096 MB Grafik
 32 GB RAM | 2000 GB SSD
 macOS | Grau | 2 kg",https://media.nbb-cdn.de/images/products/640000/641378/1_MB_Pro_16_Zoll_spacegrau_front.jpg?size=2800,Notebook
,,,,,,Notebook
"Apple MacBook Pro 16"" - Space Grau 2019 CZ0Y0-01300 i9 2,3GHz, 32GB RAM, 8TB SSD, Radeon Pro 5500M, macOS - Touch Bar",-7,"6.079,99 €",,"40 cm (16"") 3072 x 1920 Pixel IPS glänzendes Display
 Intel® Core™ i9 (9. Generation) CPU
 AMD Radeon Pro 5500M 4096 MB Grafik
 32 GB RAM | 8000 GB SSD
 macOS | Grau | 2 kg",https://media.nbb-cdn.de/images/products/640000/641381/MacBook_Pro16.jpg?size=2800,Notebook
,,,,,,Notebook
"Apple MacBook Pro 16"" - Space Grau 2019 CZ0Y0-02000 i9 2,3GHz, 64GB RAM, 1TB SSD, Radeon Pro 5500M, macOS - Touch Bar",-7,"3.959,99 €",,"40 cm (16"") 3072 x 1920 Pixel IPS glänzendes Display
 Intel® Core™ i9 (9. Generation) CPU
 AMD Radeon Pro 5500M 4096 MB Grafik
 64 GB RAM | 1000 GB SSD
 macOS | Grau | 2 kg",https://media.nbb-cdn.de/images/products/640000/641382/MacBook_Pro16.jpg?size=2800,Notebook
,,,,,,Notebook
"Apple MacBook Pro 16"" - Space Grau 2019 CZ0Y0-02100 i9 2,3GHz, 64GB RAM, 2TB SSD, Radeon Pro 5500M, macOS - Touch Bar",-7,"4.419,99 €",,"40 cm (16"") 3072 x 1920 Pixel IPS glänzendes Display
 Intel® Core™ i9 (9. Generation) CPU
 AMD Radeon Pro 5500M 4096 MB Grafik
 64 GB RAM | 2000 GB SSD
 macOS | Grau | 2 kg",https://media.nbb-cdn.de/images/products/640000/641385/MacBook_Pro16.jpg?size=2800,Notebook
,,,,,,Notebook
"Apple MacBook Pro 16"" - Space Grau 2019 CZ0Y0-02200 i9 2,3GHz, 64GB RAM, 4TB SSD, Radeon Pro 5500M, macOS - Touch Bar",-7,"5.149,99 €",,"40 cm (16"") 3072 x 1920 Pixel IPS glänzendes Display
 Intel® Core™ i9 (9. Generation) CPU
 AMD Radeon Pro 5500M 4096 MB Grafik
 64 GB RAM | 4000 GB SSD
 macOS | Grau | 2 kg",https://media.nbb-cdn.de/images/products/640000/641421/MacBook_Pro16.jpg?size=2800,Notebook
,,,,,,Notebook
"Apple MacBook Pro 16"" - Space Grau 2019 CZ0Y0-02300 i9 2,3GHz, 64GB RAM, 8TB SSD, Radeon Pro 5500M, macOS - Touch Bar",-7,"6.549,99 €",,"40 cm (16"") 3072 x 1920 Pixel IPS glänzendes Display
 Intel® Core™ i9 (9. Generation) CPU
 AMD Radeon Pro 5500M 4096 MB Grafik
 64 GB RAM | 8000 GB SSD
 macOS | Grau | 2 kg",https://media.nbb-cdn.de/images/products/640000/641440/MacBook_Pro16.jpg?size=2800,Notebook
,,,,,,Notebook
"Apple MacBook Pro 16"" - Space Grau 2019 CZ0XZ-10020 i9 2,4GHz, 16GB RAM, 512GB SSD, Radeon Pro 5500M (8GB), macOS - Touch Bar",-7,"3.509,99 €",,"40 cm (16"") 3072 x 1920 Pixel IPS glänzendes Display
 Intel® Core™ i9 (9. Generation) CPU
 AMD Radeon Pro 5500M 8192 MB Grafik
 16 GB RAM | 512 GB SSD
 macOS | Grau | 2 kg",https://media.nbb-cdn.de/images/products/640000/641592/MacBook_Pro16.jpg?size=2800,Notebook
,,,,,,Notebook
"Apple MacBook Pro 16"" - Space Grau 2019 CZ0XZ-10220 i9 2,4GHz, 16GB RAM, 2TB SSD, Radeon Pro 5500M (8GB), macOS - Touch Bar",-7,"4.269,99 €",,"40 cm (16"") 3072 x 1920 Pixel IPS glänzendes Display
 Intel® Core™ i9 (9. Generation) CPU
 AMD Radeon Pro 5500M 8192 MB Grafik
 16 GB RAM | 2000 GB SSD
 macOS | Grau | 2 kg",https://media.nbb-cdn.de/images/products/640000/641597/MacBook_Pro16.jpg?size=2800,Notebook
,,,,,,Notebook
"Apple MacBook Pro 16"" - Space Grau 2019 CZ0XZ-10320 i9 2,4GHz, 16GB RAM, 4TB SSD, Radeon Pro 5500M (8GB), macOS - Touch Bar",-7,"5.039,99 €",,"40 cm (16"") 3072 x 1920 Pixel IPS glänzendes Display
 Intel® Core™ i9 (9. Generation) CPU
 AMD Radeon Pro 5500M 8192 MB Grafik
 16 GB RAM | 4000 GB SSD
 macOS | Grau | 2 kg",https://media.nbb-cdn.de/images/products/640000/641598/MacBook_Pro16.jpg?size=2800,Notebook
,,,,,,Notebook
"Apple MacBook Pro 16"" - Space Grau 2019 CZ0XZ-10420 i9 2,4GHz, 16GB RAM, 8TB SSD, Radeon Pro 5500M (8GB), macOS - Touch Bar",-7,"6.549,99 €",,"40 cm (16"") 3072 x 1920 Pixel IPS glänzendes Display
 Intel® Core™ i9 (9. Generation) CPU
 AMD Radeon Pro 5500M 8192 MB Grafik
 16 GB RAM | 8000 GB SSD
 macOS | Grau | 2 kg",https://media.nbb-cdn.de/images/products/640000/641600/MacBook_Pro16.jpg?size=2800,Notebook
,,,,,,Notebook
"Apple MacBook Pro 16"" - Space Grau 2019 CZ0XZ-11320 i9 2,4GHz, 32GB RAM, 4TB SSD, Radeon Pro 5500M (8GB), macOS - Touch Bar",-7,"5.539,99 €",,"40 cm (16"") 3072 x 1920 Pixel IPS glänzendes Display
 Intel® Core™ i9 (9. Generation) CPU
 AMD Radeon Pro 5500M 8192 MB Grafik
 32 GB RAM | 4000 GB SSD
 macOS | Grau | 2 kg",https://media.nbb-cdn.de/images/products/640000/641605/MacBook_Pro16.jpg?size=2800,Notebook
,,,,,,Notebook
"Apple MacBook Pro 16"" - Space Grau 2019 CZ0XZ-11420 i9 2,4GHz, 32GB RAM, 8TB SSD, Radeon Pro 5500M (8GB), macOS - Touch Bar",-7,"7.059,99 €",,"40 cm (16"") 3072 x 1920 Pixel IPS glänzendes Display
 Intel® Core™ i9 (9. Generation) CPU
 AMD Radeon Pro 5500M 8192 MB Grafik
 32 GB RAM | 8000 GB SSD
 macOS | Grau | 2 kg",https://media.nbb-cdn.de/images/products/640000/641607/MacBook_Pro16.jpg?size=2800,Notebook
,,,,,,Notebook
"Apple MacBook Pro 16"" - Space Grau 2019 CZ0XZ-12120 i9 2,4GHz, 64GB RAM, 1TB SSD, Radeon Pro 5500M (8GB), macOS - Touch Bar",-7,"4.269,99 €",,"40 cm (16"") 3072 x 1920 Pixel IPS glänzendes Display
 Intel® Core™ i9 (9. Generation) CPU
 AMD Radeon Pro 5500M 8192 MB Grafik
 64 GB RAM | 1000 GB SSD
 macOS | Grau | 2 kg",https://media.nbb-cdn.de/images/products/640000/641611/MacBook_Pro16.jpg?size=2800,Notebook
,,,,,,Notebook
"Apple MacBook Pro 16"" - Space Grau 2019 CZ0XZ-12320 i9 2,4GHz, 64GB RAM, 4TB SSD, Radeon Pro 5500M (8GB), macOS - Touch Bar",-7,"4.999,00 €",,"40 cm (16"") 3072 x 1920 Pixel IPS glänzendes Display
 Intel® Core™ i9 (9. Generation) CPU
 AMD Radeon Pro 5500M 8192 MB Grafik
 64 GB RAM | 4000 GB SSD
 macOS | Grau | 2 kg",https://media.nbb-cdn.de/images/products/640000/641617/MacBook_Pro16.jpg?size=2800,Notebook
,,,,,,Notebook
"Apple MacBook Pro 16"" - Space Grau 2019 CZ0XZ-12420 i9 2,4GHz, 64GB RAM, 8TB SSD, Radeon Pro 5500M (8GB), macOS - Touch Bar",-7,"6.829,99 €",,"40 cm (16"") 3072 x 1920 Pixel IPS glänzendes Display
 Intel® Core™ i9 (9. Generation) CPU
 AMD Radeon Pro 5500M 8192 MB Grafik
 64 GB RAM | 8000 GB SSD
 macOS | Grau | 2 kg",https://media.nbb-cdn.de/images/products/640000/641618/MacBook_Pro16.jpg?size=2800,Notebook
,,,,,,Notebook
"Apple MacBook Pro 16"" - Space Grau 2019 CZ0Y0-00010 i9 2,3GHz, 16GB RAM, 1TB SSD, Radeon Pro 5500M (8GB), macOS - Touch Bar",-7,"2.699,00 €",,"40 cm (16"") 3072 x 1920 Pixel IPS glänzendes Display
 Intel® Core™ i9 (9. Generation) CPU
 AMD Radeon Pro 5500M 8192 MB Grafik
 16 GB RAM | 1000 GB SSD
 macOS | Grau | 2 kg",https://media.nbb-cdn.de/images/products/640000/641620/MacBook_Pro16.jpg?size=2800,Notebook
,,,,,,Notebook
"Apple MacBook Pro 16"" - Space Grau 2019 CZ0Y0-00110 i9 2,3GHz, 16GB RAM, 2TB SSD, Radeon Pro 5500M (8GB), macOS - Touch Bar",-7,"3.759,99 €",,"40 cm (16"") 3072 x 1920 Pixel IPS glänzendes Display
 Intel® Core™ i9 (9. Generation) CPU
 AMD Radeon Pro 5500M 8192 MB Grafik
 16 GB RAM | 2000 GB SSD
 macOS | Grau | 2 kg",https://media.nbb-cdn.de/images/products/640000/641633/MacBook_Pro16.jpg?size=2800,Notebook
,,,,,,Notebook
"Apple MacBook Pro 16"" - Space Grau 2019 CZ0Y0-01310 i9 2,3GHz, 32GB RAM, 8TB SSD, Radeon Pro 5500M (8GB), macOS - Touch Bar",-7,"6.829,99 €",,"40 cm (16"") 3072 x 1920 Pixel IPS glänzendes Display
 Intel® Core™ i9 (9. Generation) CPU
 AMD Radeon Pro 5500M 8192 MB Grafik
 32 GB RAM | 8000 GB SSD
 macOS | Grau | 2 kg",https://media.nbb-cdn.de/images/products/640000/641648/MacBook_Pro16.jpg?size=2800,Notebook
,,,,,,Notebook
"Apple MacBook Pro 16"" - Space Grau 2019 CZ0Y0-02110 i9 2,3GHz, 64GB RAM, 2TB SSD, Radeon Pro 5500M (8GB), macOS - Touch Bar",-7,"4.499,99 €",,"40 cm (16"") 3072 x 1920 Pixel IPS glänzendes Display
 Intel® Core™ i9 (9. Generation) CPU
 AMD Radeon Pro 5500M 8192 MB Grafik
 64 GB RAM | 2000 GB SSD
 macOS | Grau | 2 kg",https://media.nbb-cdn.de/images/products/640000/641650/MacBook_Pro16.jpg?size=2800,Notebook
,,,,,,Notebook
"MSI GS66 10SFS-056 Stealth Gaming 15,6"" Full HD IPS 300Hz, i9-10980HK, RTX 2070 Super Max-Q, 16GB RAM, 1TB SSD, Windows 10 Pro",-2,"2.849,99 €",,"39,62 cm (15,6"") 1920 x 1080 Pixel (Full HD) IPS entspiegeltes Display
 Intel Core i9 (10. Generation) CPU
 NVIDIA GeForce RTX 2070 Super mit Max-Q Design 8192 MB Grafik
 16 GB RAM | 1000 GB SSD
 Windows 10 Pro 64 Bit | Schwarz | 2.1 kg",https://media.nbb-cdn.de/images/products/650000/652140/MSI_NB_GS66_Stealth_photo_10.jpg?size=2800,Notebook
,,,,,,Notebook
"Apple MacBook Pro 16"" - Space Grau 2019 CZ0Y0-00020 i9 2,3GHz, 16GB RAM, 1TB SSD, Radeon Pro 5600M, macOS - Touch Bar",-7,"3.929,99 €",,,https://media.nbb-cdn.de/images/products/660000/669200/MacBook_Pro16.jpg?size=2800,Notebook
,,,,,,Notebook
"Apple MacBook Pro 16"" - Space Grau 2019 CZ0XZ-10030 i9 2,4GHz, 16GB RAM, 512GB SSD, Radeon Pro 5600M, macOS - Touch Bar",-7,"3.929,99 €",,,https://media.nbb-cdn.de/images/products/660000/669201/MacBook_Pro16.jpg?size=2800,Notebook
,,,,,,Notebook
"Apple MacBook Pro 16"" - Space Grau 2019 CZ0XZ-10130 i9 2,4GHz, 16GB RAM, 1TB SSD, Radeon Pro 5600M, macOS - Touch Bar",-7,"4.179,99 €",,,https://media.nbb-cdn.de/images/products/660000/669204/MacBook_Pro16.jpg?size=2800,Notebook
,,,,,,Notebook
"Apple MacBook Pro 16"" - Space Grau 2019 CZ0XZ-10230 i9 2,4GHz, 16GB RAM, 2TB SSD, Radeon Pro 5600M, macOS - Touch Bar",-7,"4.659,99 €",,,https://media.nbb-cdn.de/images/products/660000/669205/MacBook_Pro16.jpg?size=2800,Notebook
,,,,,,Notebook
"Apple MacBook Pro 16"" - Space Grau 2019 CZ0XZ-10330 i9 2,4GHz, 16GB RAM, 4TB SSD, Radeon Pro 5600M, macOS - Touch Bar",-7,"5.379,99 €",,,https://media.nbb-cdn.de/images/products/660000/669206/MacBook_Pro16.jpg?size=2800,Notebook
,,,,,,Notebook
"Apple MacBook Pro 16"" - Space Grau 2019 CZ0XZ-10430 i9 2,4GHz, 16GB RAM, 8TB SSD, Radeon Pro 5600M, macOS - Touch Bar",-7,"6.819,99 €",,"40 cm (16"") 3072 x 1920 Pixel IPS glänzendes Display
 Intel® Core™ i9 (9. Generation) unbekannt CPU
 AMD Radeon Pro 5600M 8192 MB Grafik
 16 GB RAM | 8000 GB SSD
 macOS | Grau | 2 kg",https://media.nbb-cdn.de/images/products/660000/669207/MacBook_Pro16.jpg?size=2800,Notebook
,,,,,,Notebook
"Apple MacBook Pro 16"" - Space Grau 2019 CZ0XZ-11130 i9 2,4GHz, 32GB RAM, 1TB SSD, Radeon Pro 5600M, macOS - Touch Bar",-7,"4.659,99 €",,,https://media.nbb-cdn.de/images/products/660000/669208/MacBook_Pro16.jpg?size=2800,Notebook
,,,,,,Notebook
"Apple MacBook Pro 16"" - Space Grau 2019 CZ0XZ-11230 i9 2,4GHz, 32GB RAM, 2TB SSD, Radeon Pro 5600M, macOS - Touch Bar",-7,"5.139,99 €",,,https://media.nbb-cdn.de/images/products/660000/669209/MacBook_Pro16.jpg?size=2800,Notebook
,,,,,,Notebook
"Apple MacBook Pro 16"" - Space Grau 2019 CZ0XZ-11030 i9 2,4GHz, 32GB RAM, 512GB SSD, Radeon Pro 5600M, macOS - Touch Bar",-7,"4.419,99 €",,,https://media.nbb-cdn.de/images/products/660000/669212/MacBook_Pro16.jpg?size=2800,Notebook
,,,,,,Notebook
"Apple MacBook Pro 16"" - Space Grau 2019 CZ0XZ-11430 i9 2,4GHz, 32GB RAM, 8TB SSD, Radeon Pro 5600M, macOS - Touch Bar",-7,"7.299,99 €",,,https://media.nbb-cdn.de/images/products/660000/669214/MacBook_Pro16.jpg?size=2800,Notebook
,,,,,,Notebook
"Apple MacBook Pro 16"" - Space Grau 2019 CZ0XZ-12230 i9 2,4GHz, 64GB RAM, 2TB SSD, Radeon Pro 5600M, macOS - Touch Bar",-7,"5.619,99 €",,,https://media.nbb-cdn.de/images/products/660000/669217/MacBook_Pro16.jpg?size=2800,Notebook
,,,,,,Notebook
"Apple MacBook Pro 16"" - Space Grau 2019 CZ0XZ-12330 i9 2,4GHz, 64GB RAM, 4TB SSD, Radeon Pro 5600M, macOS - Touch Bar",-7,"6.339,99 €",,,https://media.nbb-cdn.de/images/products/660000/669219/MacBook_Pro16.jpg?size=2800,Notebook
,,,,,,Notebook
"Apple MacBook Pro 16"" - Space Grau 2019 CZ0XZ-12430 i9 2,4GHz, 64GB RAM, 8TB SSD, Radeon Pro 5600M, macOS - Touch Bar",-7,"6.799,00 €",,,https://media.nbb-cdn.de/images/products/660000/669221/MacBook_Pro16.jpg?size=2800,Notebook
,,,,,,Notebook
"Apple MacBook Pro 16"" - Space Grau 2019 CZ0Y0-00120 i9 2,3GHz, 16GB RAM, 2TB SSD, Radeon Pro 5600M, macOS - Touch Bar",-7,"4.409,99 €",,,https://media.nbb-cdn.de/images/products/660000/669272/MacBook_Pro16.jpg?size=2800,Notebook
,,,,,,Notebook
"Apple MacBook Pro 16"" - Space Grau 2019 CZ0Y0-00220 i9 2,3GHz, 16GB RAM, 4TB SSD, Radeon Pro 5600M, macOS - Touch Bar",-7,"5.129,99 €",,,https://media.nbb-cdn.de/images/products/660000/669274/MacBook_Pro16.jpg?size=2800,Notebook
,,,,,,Notebook
"Apple MacBook Pro 16"" - Space Grau 2019 CZ0Y0-00320 i9 2,3GHz, 16GB RAM, 8TB SSD, Radeon Pro 5600M, macOS - Touch Bar",-7,"6.579,99 €",,,https://media.nbb-cdn.de/images/products/660000/669278/MacBook_Pro16.jpg?size=2800,Notebook
,,,,,,Notebook
"Apple MacBook Pro 16"" - Space Grau 2019 CZ0Y0-01020 i9 2,3GHz, 32GB RAM, 1TB SSD, Radeon Pro 5600M, macOS - Touch Bar",-7,"4.409,99 €",,,https://media.nbb-cdn.de/images/products/660000/669282/MacBook_Pro16.jpg?size=2800,Notebook
,,,,,,Notebook
"Apple MacBook Pro 16"" - Space Grau 2019 CZ0Y0-01120 i9 2,3GHz, 32GB RAM, 2TB SSD, Radeon Pro 5600M, macOS - Touch Bar",-7,"4.889,99 €",,,https://media.nbb-cdn.de/images/products/660000/669287/MacBook_Pro16.jpg?size=2800,Notebook
,,,,,,Notebook
"Apple MacBook Pro 16"" - Space Grau 2019 CZ0Y0-01220 i9 2,3GHz, 32GB RAM, 4TB SSD, Radeon Pro 5600M, macOS - Touch Bar",-7,"5.609,99 €",,,https://media.nbb-cdn.de/images/products/660000/669294/MacBook_Pro16.jpg?size=2800,Notebook
,,,,,,Notebook
"Apple MacBook Pro 16"" - Space Grau 2019 CZ0Y0-01320 i9 2,3GHz, 32GB RAM, 8TB SSD, Radeon Pro 5600M, macOS - Touch Bar",-7,"7.059,99 €",,,https://media.nbb-cdn.de/images/products/660000/669303/MacBook_Pro16.jpg?size=2800,Notebook
,,,,,,Notebook
"Apple MacBook Pro 16"" - Space Grau 2019 CZ0Y0-02020 i9 2,3GHz, 64GB RAM, 1TB SSD, Radeon Pro 5600M, macOS - Touch Bar",-7,"4.889,99 €",,,https://media.nbb-cdn.de/images/products/660000/669327/MacBook_Pro16.jpg?size=2800,Notebook
,,,,,,Notebook
"Apple MacBook Pro 16"" - Space Grau 2019 CZ0Y0-02120 i9 2,3GHz, 64GB RAM, 2TB SSD, Radeon Pro 5600M, macOS - Touch Bar",-7,"5.369,99 €",,,https://media.nbb-cdn.de/images/products/660000/669331/MacBook_Pro16.jpg?size=2800,Notebook
,,,,,,Notebook
"Apple MacBook Pro 16"" - Space Grau 2019 CZ0Y0-02220 i9 2,3GHz, 64GB RAM, 4TB SSD, Radeon Pro 5600M, macOS - Touch Bar",-7,"6.099,99 €",,,https://media.nbb-cdn.de/images/products/660000/669338/MacBook_Pro16.jpg?size=2800,Notebook
,,,,,,Notebook
"Apple MacBook Pro 16"" - Space Grau 2019 CZ0Y0-02320 i9 2,3GHz, 64GB RAM, 8TB SSD, Radeon Pro 5600M, macOS - Touch Bar",-7,"7.539,99 €",,,https://media.nbb-cdn.de/images/products/660000/669340/MacBook_Pro16.jpg?size=2800,Notebook
,,,,,,Notebook
"Lenovo ThinkPad X1 Extreme 2nd 20QV00CD i9, 32 GB, 2000 GB SSD, 15,6"" Ultra HD, UHD Graphics 630, Win 10 Pro",0,"3.144,99 €",,"39 cm (15,6"") 3840 x 2160 Pixel (Ultra HD) mattes Display
 Intel® Core™ i9 (9. Generation) 9880H CPU
 NVIDIA GeForce GTX 1650 4096 MB Grafik
 32 GB RAM | 2000 GB SSD
 Windows 10 Pro 64 Bit | Schwarz",https://media.nbb-cdn.de/images/products/680000/685016/20QV00CDDEMO_1.jpg?size=2800,Notebook
,,,,,,Notebook
"HP ZBook Fury 17 G7 119W4EA 17,3"" UHD IPS DC, Intel i9-10885H, 32GB RAM, 1TB SSD, NVIDIA Quadro RTX3000, Windows 10 Pro",0,"3.679,00 €",,,https://media.nbb-cdn.de/images/products/680000/686739/Alder_17_G7_TurboSilver_FrontLeft.png?size=2800,Notebook
